작품id,작품id 링크,작품 제목,작가id,저자,ISNI,연도,링크,선정 이유 or 참고 자료,민족문화대백과사전 링크,민족문화대백과사전 id
Q12625116,https://www.wikidata.org/wiki/Q12625116,혈의 누,https://www.wikidata.org/wiki/Q624419,이인직,0000 0000 2565 6613,1907,https://ko.wikisource.org/wiki/혈의_누,한국 최초의 신소설,,
없음,https://encykorea.aks.ac.kr/Article/E0056142 ,철세계,https://www.wikidata.org/wiki/Q12613093,이해조,0000 0000 8418 5313,1908,https://ko.wikisource.org/wiki/철세계,"한국 최초의 번안소설이자, 최초의 SF 장르소설. ",https://encykorea.aks.ac.kr/Article/E0056142,E0056142
Q85984516,https://www.wikidata.org/wiki/Special:EntityPage/Q85984516,자유종,https://www.wikidata.org/wiki/Q12613093,이해조,0000 0000 8418 5313,1910,https://ko.wikisource.org/wiki/자유종,"토론 형식을 갖는 신소설로, 한일 합병 이전의 작품.",https://encykorea.aks.ac.kr/Article/E0048036,E0048036
Q85989161,https://www.wikidata.org/wiki/Q85989161,화의 혈,https://www.wikidata.org/wiki/Q12613093,이해조,0000 0000 8418 5313,1911,https://ko.wikisource.org/wiki/화의_혈,한일 합병 이후에 쓰인 이해조의 신소설.,https://encykorea.aks.ac.kr/Article/E0064844,E0064844
없음,없음 ,추월색,https://www.wikidata.org/wiki/Special:EntityPage/Q12619876,최찬식,0000 0000 8427 8165,1912,https://ko.wikisource.org/wiki/추월색,근대 소설의 가교 역할을 하는 대중성이 뛰어난 소설,https://encykorea.aks.ac.kr/Article/E0057888,E0057888
Q16262292,https://www.wikidata.org/wiki/Special:EntityPage/Q16262292,장한몽,https://www.wikidata.org/wiki/Special:EntityPage/Q12617070,조중환,0000 0004 7762 8154,1913,https://ko.wikisource.org/wiki/장한몽/1장,1910년대의 번안소설 및 그 주변의 창작은 1910년 이후 1917년 무정이 등장하기까지의 문학사를 해명하는 데 있어 중요한 단서임. 특히 조중환의 번안소설들은 신소설의 한계를 극복할 수 있었던 작품으로 지목되고 있음.,https://encykorea.aks.ac.kr/Article/E0048879,E0048879
Q16262292,https://www.wikidata.org/wiki/Special:EntityPage/Q16262292,장한몽,https://www.wikidata.org/wiki/Special:EntityPage/Q12617070,조중환,0000 0004 7762 8154,1913,https://ko.wikisource.org/wiki/장한몽/2장,1910년대의 번안소설 및 그 주변의 창작은 1910년 이후 1917년 무정이 등장하기까지의 문학사를 해명하는 데 있어 중요한 단서임. 특히 조중환의 번안소설들은 신소설의 한계를 극복할 수 있었던 작품으로 지목되고 있음.,https://encykorea.aks.ac.kr/Article/E0048879,E0048879
Q16262292,https://www.wikidata.org/wiki/Special:EntityPage/Q16262292,장한몽,https://www.wikidata.org/wiki/Special:EntityPage/Q12617070,조중환,0000 0004 7762 8154,1913,https://ko.wikisource.org/wiki/장한몽/3장,1910년대의 번안소설 및 그 주변의 창작은 1910년 이후 1917년 무정이 등장하기까지의 문학사를 해명하는 데 있어 중요한 단서임. 특히 조중환의 번안소설들은 신소설의 한계를 극복할 수 있었던 작품으로 지목되고 있음.,https://encykorea.aks.ac.kr/Article/E0048879,E0048879
Q16262292,https://www.wikidata.org/wiki/Special:EntityPage/Q16262292,장한몽,https://www.wikidata.org/wiki/Special:EntityPage/Q12617070,조중환,0000 0004 7762 8154,1913,https://ko.wikisource.org/wiki/장한몽/4장,1910년대의 번안소설 및 그 주변의 창작은 1910년 이후 1917년 무정이 등장하기까지의 문학사를 해명하는 데 있어 중요한 단서임. 특히 조중환의 번안소설들은 신소설의 한계를 극복할 수 있었던 작품으로 지목되고 있음.,https://encykorea.aks.ac.kr/Article/E0048879,E0048879
Q16262292,https://www.wikidata.org/wiki/Special:EntityPage/Q16262292,장한몽,https://www.wikidata.org/wiki/Special:EntityPage/Q12617070,조중환,0000 0004 7762 8154,1913,https://ko.wikisource.org/wiki/장한몽/5장,1910년대의 번안소설 및 그 주변의 창작은 1910년 이후 1917년 무정이 등장하기까지의 문학사를 해명하는 데 있어 중요한 단서임. 특히 조중환의 번안소설들은 신소설의 한계를 극복할 수 있었던 작품으로 지목되고 있음.,https://encykorea.aks.ac.kr/Article/E0048879,E0048879
Q16262292,https://www.wikidata.org/wiki/Special:EntityPage/Q16262292,장한몽,https://www.wikidata.org/wiki/Special:EntityPage/Q12617070,조중환,0000 0004 7762 8154,1913,https://ko.wikisource.org/wiki/장한몽/6장,1910년대의 번안소설 및 그 주변의 창작은 1910년 이후 1917년 무정이 등장하기까지의 문학사를 해명하는 데 있어 중요한 단서임. 특히 조중환의 번안소설들은 신소설의 한계를 극복할 수 있었던 작품으로 지목되고 있음.,https://encykorea.aks.ac.kr/Article/E0048879,E0048879
Q16262292,https://www.wikidata.org/wiki/Special:EntityPage/Q16262292,장한몽,https://www.wikidata.org/wiki/Special:EntityPage/Q12617070,조중환,0000 0004 7762 8154,1913,https://ko.wikisource.org/wiki/장한몽/7장,1910년대의 번안소설 및 그 주변의 창작은 1910년 이후 1917년 무정이 등장하기까지의 문학사를 해명하는 데 있어 중요한 단서임. 특히 조중환의 번안소설들은 신소설의 한계를 극복할 수 있었던 작품으로 지목되고 있음.,https://encykorea.aks.ac.kr/Article/E0048879,E0048879
Q16262292,https://www.wikidata.org/wiki/Special:EntityPage/Q16262292,장한몽,https://www.wikidata.org/wiki/Special:EntityPage/Q12617070,조중환,0000 0004 7762 8154,1913,https://ko.wikisource.org/wiki/장한몽/8장,1910년대의 번안소설 및 그 주변의 창작은 1910년 이후 1917년 무정이 등장하기까지의 문학사를 해명하는 데 있어 중요한 단서임. 특히 조중환의 번안소설들은 신소설의 한계를 극복할 수 있었던 작품으로 지목되고 있음.,https://encykorea.aks.ac.kr/Article/E0048879,E0048879
Q16262292,https://www.wikidata.org/wiki/Special:EntityPage/Q16262292,장한몽,https://www.wikidata.org/wiki/Special:EntityPage/Q12617070,조중환,0000 0004 7762 8154,1913,https://ko.wikisource.org/wiki/장한몽/9장,1910년대의 번안소설 및 그 주변의 창작은 1910년 이후 1917년 무정이 등장하기까지의 문학사를 해명하는 데 있어 중요한 단서임. 특히 조중환의 번안소설들은 신소설의 한계를 극복할 수 있었던 작품으로 지목되고 있음.,https://encykorea.aks.ac.kr/Article/E0048879,E0048879
Q16262292,https://www.wikidata.org/wiki/Special:EntityPage/Q16262292,장한몽,https://www.wikidata.org/wiki/Special:EntityPage/Q12617070,조중환,0000 0004 7762 8154,1913,https://ko.wikisource.org/wiki/장한몽/10장,1910년대의 번안소설 및 그 주변의 창작은 1910년 이후 1917년 무정이 등장하기까지의 문학사를 해명하는 데 있어 중요한 단서임. 특히 조중환의 번안소설들은 신소설의 한계를 극복할 수 있었던 작품으로 지목되고 있음.,https://encykorea.aks.ac.kr/Article/E0048879,E0048879
Q16262292,https://www.wikidata.org/wiki/Special:EntityPage/Q16262292,장한몽,https://www.wikidata.org/wiki/Special:EntityPage/Q12617070,조중환,0000 0004 7762 8154,1913,https://ko.wikisource.org/wiki/장한몽/11장,1910년대의 번안소설 및 그 주변의 창작은 1910년 이후 1917년 무정이 등장하기까지의 문학사를 해명하는 데 있어 중요한 단서임. 특히 조중환의 번안소설들은 신소설의 한계를 극복할 수 있었던 작품으로 지목되고 있음.,https://encykorea.aks.ac.kr/Article/E0048879,E0048879
Q16262292,https://www.wikidata.org/wiki/Special:EntityPage/Q16262292,장한몽,https://www.wikidata.org/wiki/Special:EntityPage/Q12617070,조중환,0000 0004 7762 8154,1913,https://ko.wikisource.org/wiki/장한몽/12장,1910년대의 번안소설 및 그 주변의 창작은 1910년 이후 1917년 무정이 등장하기까지의 문학사를 해명하는 데 있어 중요한 단서임. 특히 조중환의 번안소설들은 신소설의 한계를 극복할 수 있었던 작품으로 지목되고 있음.,https://encykorea.aks.ac.kr/Article/E0048879,E0048879
Q16262292,https://www.wikidata.org/wiki/Special:EntityPage/Q16262292,장한몽,https://www.wikidata.org/wiki/Special:EntityPage/Q12617070,조중환,0000 0004 7762 8154,1913,https://ko.wikisource.org/wiki/장한몽/13장,1910년대의 번안소설 및 그 주변의 창작은 1910년 이후 1917년 무정이 등장하기까지의 문학사를 해명하는 데 있어 중요한 단서임. 특히 조중환의 번안소설들은 신소설의 한계를 극복할 수 있었던 작품으로 지목되고 있음.,https://encykorea.aks.ac.kr/Article/E0048879,E0048879
Q16262292,https://www.wikidata.org/wiki/Special:EntityPage/Q16262292,장한몽,https://www.wikidata.org/wiki/Special:EntityPage/Q12617070,조중환,0000 0004 7762 8154,1913,https://ko.wikisource.org/wiki/장한몽/14장,1910년대의 번안소설 및 그 주변의 창작은 1910년 이후 1917년 무정이 등장하기까지의 문학사를 해명하는 데 있어 중요한 단서임. 특히 조중환의 번안소설들은 신소설의 한계를 극복할 수 있었던 작품으로 지목되고 있음.,https://encykorea.aks.ac.kr/Article/E0048879,E0048879
Q16262292,https://www.wikidata.org/wiki/Special:EntityPage/Q16262292,장한몽,https://www.wikidata.org/wiki/Special:EntityPage/Q12617070,조중환,0000 0004 7762 8154,1913,https://ko.wikisource.org/wiki/장한몽/15장,1910년대의 번안소설 및 그 주변의 창작은 1910년 이후 1917년 무정이 등장하기까지의 문학사를 해명하는 데 있어 중요한 단서임. 특히 조중환의 번안소설들은 신소설의 한계를 극복할 수 있었던 작품으로 지목되고 있음.,https://encykorea.aks.ac.kr/Article/E0048879,E0048879
Q16262292,https://www.wikidata.org/wiki/Special:EntityPage/Q16262292,장한몽,https://www.wikidata.org/wiki/Special:EntityPage/Q12617070,조중환,0000 0004 7762 8154,1913,https://ko.wikisource.org/wiki/장한몽/16장,1910년대의 번안소설 및 그 주변의 창작은 1910년 이후 1917년 무정이 등장하기까지의 문학사를 해명하는 데 있어 중요한 단서임. 특히 조중환의 번안소설들은 신소설의 한계를 극복할 수 있었던 작품으로 지목되고 있음.,https://encykorea.aks.ac.kr/Article/E0048879,E0048879
Q16262292,https://www.wikidata.org/wiki/Special:EntityPage/Q16262292,장한몽,https://www.wikidata.org/wiki/Special:EntityPage/Q12617070,조중환,0000 0004 7762 8154,1913,https://ko.wikisource.org/wiki/장한몽/17장,1910년대의 번안소설 및 그 주변의 창작은 1910년 이후 1917년 무정이 등장하기까지의 문학사를 해명하는 데 있어 중요한 단서임. 특히 조중환의 번안소설들은 신소설의 한계를 극복할 수 있었던 작품으로 지목되고 있음.,https://encykorea.aks.ac.kr/Article/E0048879,E0048879
Q16262292,https://www.wikidata.org/wiki/Special:EntityPage/Q16262292,장한몽,https://www.wikidata.org/wiki/Special:EntityPage/Q12617070,조중환,0000 0004 7762 8154,1913,https://ko.wikisource.org/wiki/장한몽/18장,1910년대의 번안소설 및 그 주변의 창작은 1910년 이후 1917년 무정이 등장하기까지의 문학사를 해명하는 데 있어 중요한 단서임. 특히 조중환의 번안소설들은 신소설의 한계를 극복할 수 있었던 작품으로 지목되고 있음.,https://encykorea.aks.ac.kr/Article/E0048879,E0048879
Q16262292,https://www.wikidata.org/wiki/Special:EntityPage/Q16262292,장한몽,https://www.wikidata.org/wiki/Special:EntityPage/Q12617070,조중환,0000 0004 7762 8154,1913,https://ko.wikisource.org/wiki/장한몽/19장,1910년대의 번안소설 및 그 주변의 창작은 1910년 이후 1917년 무정이 등장하기까지의 문학사를 해명하는 데 있어 중요한 단서임. 특히 조중환의 번안소설들은 신소설의 한계를 극복할 수 있었던 작품으로 지목되고 있음.,https://encykorea.aks.ac.kr/Article/E0048879,E0048879
Q16262292,https://www.wikidata.org/wiki/Special:EntityPage/Q16262292,장한몽,https://www.wikidata.org/wiki/Special:EntityPage/Q12617070,조중환,0000 0004 7762 8154,1913,https://ko.wikisource.org/wiki/장한몽/20장,1910년대의 번안소설 및 그 주변의 창작은 1910년 이후 1917년 무정이 등장하기까지의 문학사를 해명하는 데 있어 중요한 단서임. 특히 조중환의 번안소설들은 신소설의 한계를 극복할 수 있었던 작품으로 지목되고 있음.,https://encykorea.aks.ac.kr/Article/E0048879,E0048879
Q16262292,https://www.wikidata.org/wiki/Special:EntityPage/Q16262292,장한몽,https://www.wikidata.org/wiki/Special:EntityPage/Q12617070,조중환,0000 0004 7762 8154,1913,https://ko.wikisource.org/wiki/장한몽/21장,1910년대의 번안소설 및 그 주변의 창작은 1910년 이후 1917년 무정이 등장하기까지의 문학사를 해명하는 데 있어 중요한 단서임. 특히 조중환의 번안소설들은 신소설의 한계를 극복할 수 있었던 작품으로 지목되고 있음.,https://encykorea.aks.ac.kr/Article/E0048879,E0048879
Q16262292,https://www.wikidata.org/wiki/Special:EntityPage/Q16262292,장한몽,https://www.wikidata.org/wiki/Special:EntityPage/Q12617070,조중환,0000 0004 7762 8154,1913,https://ko.wikisource.org/wiki/장한몽/22장,1910년대의 번안소설 및 그 주변의 창작은 1910년 이후 1917년 무정이 등장하기까지의 문학사를 해명하는 데 있어 중요한 단서임. 특히 조중환의 번안소설들은 신소설의 한계를 극복할 수 있었던 작품으로 지목되고 있음.,https://encykorea.aks.ac.kr/Article/E0048879,E0048879
Q16262292,https://www.wikidata.org/wiki/Special:EntityPage/Q16262292,장한몽,https://www.wikidata.org/wiki/Special:EntityPage/Q12617070,조중환,0000 0004 7762 8154,1913,https://ko.wikisource.org/wiki/장한몽/23장,1910년대의 번안소설 및 그 주변의 창작은 1910년 이후 1917년 무정이 등장하기까지의 문학사를 해명하는 데 있어 중요한 단서임. 특히 조중환의 번안소설들은 신소설의 한계를 극복할 수 있었던 작품으로 지목되고 있음.,https://encykorea.aks.ac.kr/Article/E0048879,E0048879
Q16262292,https://www.wikidata.org/wiki/Special:EntityPage/Q16262292,장한몽,https://www.wikidata.org/wiki/Special:EntityPage/Q12617070,조중환,0000 0004 7762 8154,1913,https://ko.wikisource.org/wiki/장한몽/25장,1910년대의 번안소설 및 그 주변의 창작은 1910년 이후 1917년 무정이 등장하기까지의 문학사를 해명하는 데 있어 중요한 단서임. 특히 조중환의 번안소설들은 신소설의 한계를 극복할 수 있었던 작품으로 지목되고 있음.,https://encykorea.aks.ac.kr/Article/E0048879,E0048879
Q16262292,https://www.wikidata.org/wiki/Special:EntityPage/Q16262292,장한몽,https://www.wikidata.org/wiki/Special:EntityPage/Q12617070,조중환,0000 0004 7762 8154,1913,https://ko.wikisource.org/wiki/장한몽/26장,1910년대의 번안소설 및 그 주변의 창작은 1910년 이후 1917년 무정이 등장하기까지의 문학사를 해명하는 데 있어 중요한 단서임. 특히 조중환의 번안소설들은 신소설의 한계를 극복할 수 있었던 작품으로 지목되고 있음.,https://encykorea.aks.ac.kr/Article/E0048879,E0048879
Q16262292,https://www.wikidata.org/wiki/Special:EntityPage/Q16262292,장한몽,https://www.wikidata.org/wiki/Special:EntityPage/Q12617070,조중환,0000 0004 7762 8154,1913,https://ko.wikisource.org/wiki/장한몽/27장,1910년대의 번안소설 및 그 주변의 창작은 1910년 이후 1917년 무정이 등장하기까지의 문학사를 해명하는 데 있어 중요한 단서임. 특히 조중환의 번안소설들은 신소설의 한계를 극복할 수 있었던 작품으로 지목되고 있음.,https://encykorea.aks.ac.kr/Article/E0048879,E0048879
Q16262292,https://www.wikidata.org/wiki/Special:EntityPage/Q16262292,장한몽,https://www.wikidata.org/wiki/Special:EntityPage/Q12617070,조중환,0000 0004 7762 8154,1913,https://ko.wikisource.org/wiki/장한몽/28장,1910년대의 번안소설 및 그 주변의 창작은 1910년 이후 1917년 무정이 등장하기까지의 문학사를 해명하는 데 있어 중요한 단서임. 특히 조중환의 번안소설들은 신소설의 한계를 극복할 수 있었던 작품으로 지목되고 있음.,https://encykorea.aks.ac.kr/Article/E0048879,E0048879
Q16262292,https://www.wikidata.org/wiki/Special:EntityPage/Q16262292,장한몽,https://www.wikidata.org/wiki/Special:EntityPage/Q12617070,조중환,0000 0004 7762 8154,1913,https://ko.wikisource.org/wiki/장한몽/29장,1910년대의 번안소설 및 그 주변의 창작은 1910년 이후 1917년 무정이 등장하기까지의 문학사를 해명하는 데 있어 중요한 단서임. 특히 조중환의 번안소설들은 신소설의 한계를 극복할 수 있었던 작품으로 지목되고 있음.,https://encykorea.aks.ac.kr/Article/E0048879,E0048879
Q16262292,https://www.wikidata.org/wiki/Special:EntityPage/Q16262292,장한몽,https://www.wikidata.org/wiki/Special:EntityPage/Q12617070,조중환,0000 0004 7762 8154,1913,https://ko.wikisource.org/wiki/장한몽/30장,1910년대의 번안소설 및 그 주변의 창작은 1910년 이후 1917년 무정이 등장하기까지의 문학사를 해명하는 데 있어 중요한 단서임. 특히 조중환의 번안소설들은 신소설의 한계를 극복할 수 있었던 작품으로 지목되고 있음.,https://encykorea.aks.ac.kr/Article/E0048879,E0048879
Q16262292,https://www.wikidata.org/wiki/Special:EntityPage/Q16262292,장한몽,https://www.wikidata.org/wiki/Special:EntityPage/Q12617070,조중환,0000 0004 7762 8154,1913,https://ko.wikisource.org/wiki/장한몽/31장,1910년대의 번안소설 및 그 주변의 창작은 1910년 이후 1917년 무정이 등장하기까지의 문학사를 해명하는 데 있어 중요한 단서임. 특히 조중환의 번안소설들은 신소설의 한계를 극복할 수 있었던 작품으로 지목되고 있음.,https://encykorea.aks.ac.kr/Article/E0048879,E0048879
Q16262292,https://www.wikidata.org/wiki/Special:EntityPage/Q16262292,장한몽,https://www.wikidata.org/wiki/Special:EntityPage/Q12617070,조중환,0000 0004 7762 8154,1913,https://ko.wikisource.org/wiki/장한몽/32장,1910년대의 번안소설 및 그 주변의 창작은 1910년 이후 1917년 무정이 등장하기까지의 문학사를 해명하는 데 있어 중요한 단서임. 특히 조중환의 번안소설들은 신소설의 한계를 극복할 수 있었던 작품으로 지목되고 있음.,https://encykorea.aks.ac.kr/Article/E0048879,E0048879
Q16262292,https://www.wikidata.org/wiki/Special:EntityPage/Q16262292,장한몽,https://www.wikidata.org/wiki/Special:EntityPage/Q12617070,조중환,0000 0004 7762 8154,1913,https://ko.wikisource.org/wiki/장한몽/33장,1910년대의 번안소설 및 그 주변의 창작은 1910년 이후 1917년 무정이 등장하기까지의 문학사를 해명하는 데 있어 중요한 단서임. 특히 조중환의 번안소설들은 신소설의 한계를 극복할 수 있었던 작품으로 지목되고 있음.,https://encykorea.aks.ac.kr/Article/E0048879,E0048879
Q12595612,https://www.wikidata.org/wiki/Q12595612,무정,https://www.wikidata.org/wiki/Q495454,이광수,0000 0001 1059 4496,1917,https://ko.wikisource.org/wiki/무정/1장~20장,한국 최초의 근대 장편 소설,https://encykorea.aks.ac.kr/Article/E0019237,E0019237
Q12595612,https://www.wikidata.org/wiki/Q12595612,무정,https://www.wikidata.org/wiki/Q495454,이광수,0000 0001 1059 4496,1917,https://ko.wikisource.org/wiki/무정/21장~40장,한국 최초의 근대 장편 소설,https://encykorea.aks.ac.kr/Article/E0019237,E0019237
Q12595612,https://www.wikidata.org/wiki/Q12595612,무정,https://www.wikidata.org/wiki/Q495454,이광수,0000 0001 1059 4496,1917,https://ko.wikisource.org/wiki/무정/41장~60장,한국 최초의 근대 장편 소설,https://encykorea.aks.ac.kr/Article/E0019237,E0019237
Q12595612,https://www.wikidata.org/wiki/Q12595612,무정,https://www.wikidata.org/wiki/Q495454,이광수,0000 0001 1059 4496,1917,https://ko.wikisource.org/wiki/무정/61장~80장,한국 최초의 근대 장편 소설,https://encykorea.aks.ac.kr/Article/E0019237,E0019237
Q12595612,https://www.wikidata.org/wiki/Q12595612,무정,https://www.wikidata.org/wiki/Q495454,이광수,0000 0001 1059 4496,1917,https://ko.wikisource.org/wiki/무정/81장~100장,한국 최초의 근대 장편 소설,https://encykorea.aks.ac.kr/Article/E0019237,E0019237
Q12595612,https://www.wikidata.org/wiki/Q12595612,무정,https://www.wikidata.org/wiki/Q495454,이광수,0000 0001 1059 4496,1917,https://ko.wikisource.org/wiki/무정/101장~120장,한국 최초의 근대 장편 소설,https://encykorea.aks.ac.kr/Article/E0019237,E0019237
Q12595612,https://www.wikidata.org/wiki/Q12595612,무정,https://www.wikidata.org/wiki/Q495454,이광수,0000 0001 1059 4496,1917,https://ko.wikisource.org/wiki/무정/121장~126장,한국 최초의 근대 장편 소설,https://encykorea.aks.ac.kr/Article/E0019237,E0019237
없음,없음,의심의 소녀,https://www.wikidata.org/wiki/Special:EntityPage/Q494507,김명순,0000 0000 5096 4466,1917,https://ko.wikisource.org/wiki/의심의_소녀,한국 최초의 여성 근대 소설가의 등단 작품,,
없음,없음,경희,https://www.wikidata.org/wiki/Q466477,나혜석,0000 0000 2352 748X,1918,https://ko.wikisource.org/wiki/경희,"결혼 전, 식민지 지식인 신여성에 대해 다룬 나혜석의 대표 작품.",,
없음,없음,회생한 손녀에게,https://www.wikidata.org/wiki/Q466477,나혜석,0000 0000 2352 748X,1918,https://ko.wikisource.org/wiki/회생한_손녀에게,여성으로서 1910년대를 증언한(권보드래) 작품. ,,
없음,없음,규원,https://www.wikidata.org/wiki/Q466477,나혜석,0000 0000 2352 748X,1918,https://ko.wikisource.org/wiki/규원,결혼 후 계몽주의적인 내용으로부터 멀어지고 '규방의 원한'을 다룬 작품. ,,
Q16172345,https://www.wikidata.org/wiki/Special:EntityPage/Q16172345,약한 자의 슬픔,https://www.wikidata.org/wiki/Q625815,김동인,0000 0001 0915 8152,1919,https://ko.wikisource.org/wiki/약한_자의_슬픔,김동인의 첫 번째 발표 소설.,https://encykorea.aks.ac.kr/Article/E0035383,E0035383
Q97339021,https://www.wikidata.org/wiki/Special:EntityPage/Q97339021,술 권하는 사회,https://www.wikidata.org/wiki/Q5962515,현진건,0000 0001 0863 1411,1921,https://ko.wikisource.org/wiki/술_권하는_사회,현진건의 자기 응시가 드러나는 초기작.,https://encykorea.aks.ac.kr/Article/E0032025,E0032025
Q12599525,https://www.wikidata.org/wiki/Special:EntityPage/Q125995255,빈처,https://www.wikidata.org/wiki/Q5962515,현진건,0000 0001 0863 1411,1921,https://ko.wikisource.org/wiki/빈처,현진건의 자기 응시가 드러나는 초기작.,https://encykorea.aks.ac.kr/Article/E0025288,E0025288
없음,없음,태형,https://www.wikidata.org/wiki/Q625815,김동인,0000 0001 0915 8152,1922,https://ko.wikisource.org/wiki/태형,3.1운동에 대한 별다른 회고를 남기지 않은 김동인이 남긴 몇 안 되는 3.1운동에 대한 소설.,,
없음,없음,타락자,https://www.wikidata.org/wiki/Q5962515,현진건,0000 0001 0863 1411,1922,https://ko.wikisource.org/wiki/타락자,현진건의 자기 응시가 드러나는 초기작.,https://encykorea.aks.ac.kr/Article/E0058692,E0058692
Q12609038,https://www.wikidata.org/wiki/Special:EntityPage/Q12609038,운수 좋은 날,https://www.wikidata.org/wiki/Q5962515,현진건,0000 0001 0863 1411,1924,https://ko.wikisource.org/wiki/운수_좋은_날,현진건의 자연주의적 민중 응시가 드러나는 대표작.,https://encykorea.aks.ac.kr/Article/E0040334,E0040334
Q16176689,https://www.wikidata.org/wiki/Q16176689,감자,https://www.wikidata.org/wiki/Q625815,김동인,0000 0001 0915 8152,1925,https://ko.wikisource.org/wiki/감자,1920년대 김동인의 자연주의 소설 중 하나.,https://encykorea.aks.ac.kr/Article/E0000816,E0000816
Q16165501,https://www.wikidata.org/wiki/Special:EntityPage/Q16165501,B사감과 러브레터,https://www.wikidata.org/wiki/Q5962515,현진건,0000 0001 0863 1411,1925,https://ko.wikisource.org/wiki/B사감과_러브레터,식민지 시기 여성 교육의 억압을 풍자적으로 묘사한 작품. ,,
Q12620914,https://www.wikidata.org/wiki/Special:EntityPage/Q12620914,탈출기,https://www.wikidata.org/wiki/Q624447,최서해,0000 0001 0915 8160,1925,https://ko.wikisource.org/wiki/탈출기,프롤레타리아 문학에 영향을 준 것으로 평가받는 1920년대 신경향파의 대표 소설가. 아나키즘 문학으로 평가받기도 한다.,https://encykorea.aks.ac.kr/Article/E0058808,E0058808
없음,없음,만년 셔츠,https://www.wikidata.org/wiki/Q626667,방정환,0000 0000 8197 1482,1927,https://ko.wikisource.org/wiki/만년_셔츠,소년 운동과 어린이 해방에 주력한 아동 문학가. 단편 소설만 몇 편 골랐다.,,
없음,없음,동무를 위하여,https://www.wikidata.org/wiki/Q626667,방정환,0000 0000 8197 1482,1927,https://ko.wikisource.org/wiki/동무를_위하여,소년 운동과 어린이 해방에 주력한 아동 문학가. 단편 소설만 몇 편 골랐다.,,
,,나의 어머니,,백신애,0000 0000 8226 8270,1929,https://ko.wikisource.org/wiki/나의_어머니,식민지 시기 사회주의자 여성 근대 소설가의 등단 작품.,,
없음,없음,금시계,https://www.wikidata.org/wiki/Q626667,방정환,0000 0000 8197 1482,1929,https://ko.wikisource.org/wiki/금시계,소년 운동과 어린이 해방에 주력한 아동 문학가. 단편 소설만 몇 편 골랐다.,,
없음,없음,어머니와 딸(장편),https://www.wikidata.org/wiki/Special:EntityPage/Q47305,강경애,0000 0000 8396 8420,1931,https://ko.wikisource.org/wiki/어머니와_딸_(강경애),"구여성을 당대 모순의 핵심으로서 주동인물이면서 변혁의 주체이고, 각성의 주체, 근대화 기획의 중심 주체로 형상화한 소설.",,
Q12626164,https://www.wikidata.org/wiki/Special:EntityPage/Q12626164,흙,https://www.wikidata.org/wiki/Q495454,이광수,0000 0001 1059 4496,1932,https://ko.wikisource.org/wiki/흙/제1장,<민족개조론>에서 드러나는 계몽적 사유를 소설로 형상화한 작품,https://encykorea.aks.ac.kr/Article/E0065935,
Q12626164,https://www.wikidata.org/wiki/Special:EntityPage/Q12626164,흙,https://www.wikidata.org/wiki/Q495454,이광수,0000 0001 1059 4496,1932,https://ko.wikisource.org/wiki/흙/제2장,<민족개조론>에서 드러나는 계몽적 사유를 소설로 형상화한 작품,https://encykorea.aks.ac.kr/Article/E0065935,
Q12626164,https://www.wikidata.org/wiki/Special:EntityPage/Q12626164,흙,https://www.wikidata.org/wiki/Q495454,이광수,0000 0001 1059 4496,1932,https://ko.wikisource.org/wiki/흙/제3장,<민족개조론>에서 드러나는 계몽적 사유를 소설로 형상화한 작품,https://encykorea.aks.ac.kr/Article/E0065935,
Q12626164,https://www.wikidata.org/wiki/Special:EntityPage/Q12626164,흙,https://www.wikidata.org/wiki/Q495454,이광수,0000 0001 1059 4496,1932,https://ko.wikisource.org/wiki/흙/제4장,<민족개조론>에서 드러나는 계몽적 사유를 소설로 형상화한 작품,https://encykorea.aks.ac.kr/Article/E0065935,
Q12626164,https://www.wikidata.org/wiki/Special:EntityPage/Q12626164,흙,https://www.wikidata.org/wiki/Q495454,이광수,0000 0001 1059 4496,1932,https://ko.wikisource.org/wiki/흙/제5장,<민족개조론>에서 드러나는 계몽적 사유를 소설로 형상화한 작품,https://encykorea.aks.ac.kr/Article/E0065935,
Q12609070,https://www.wikidata.org/wiki/Special:EntityPage/Q126090700,운현궁의 봄(장편),https://www.wikidata.org/wiki/Q625815,김동인,0000 0001 0915 8152,1933,https://ko.wikisource.org/wiki/운현궁의_봄/제1장,김동인의 대표적인 역사 소설.,,
Q12609070,https://www.wikidata.org/wiki/Special:EntityPage/Q126090700,운현궁의 봄(장편),https://www.wikidata.org/wiki/Q625815,김동인,0000 0001 0915 8152,1933,https://ko.wikisource.org/wiki/운현궁의_봄/제2장,김동인의 대표적인 역사 소설.,,
Q12609070,https://www.wikidata.org/wiki/Special:EntityPage/Q126090700,운현궁의 봄(장편),https://www.wikidata.org/wiki/Q625815,김동인,0000 0001 0915 8152,1933,https://ko.wikisource.org/wiki/운현궁의_봄/제3장,김동인의 대표적인 역사 소설.,,
Q12609070,https://www.wikidata.org/wiki/Special:EntityPage/Q126090700,운현궁의 봄(장편),https://www.wikidata.org/wiki/Q625815,김동인,0000 0001 0915 8152,1933,https://ko.wikisource.org/wiki/운현궁의_봄/제4장,김동인의 대표적인 역사 소설.,,
Q12609070,https://www.wikidata.org/wiki/Special:EntityPage/Q126090700,운현궁의 봄(장편),https://www.wikidata.org/wiki/Q625815,김동인,0000 0001 0915 8152,1933,https://ko.wikisource.org/wiki/운현궁의_봄/제5장,김동인의 대표적인 역사 소설.,,
Q12609070,https://www.wikidata.org/wiki/Special:EntityPage/Q126090700,운현궁의 봄(장편),https://www.wikidata.org/wiki/Q625815,김동인,0000 0001 0915 8152,1933,https://ko.wikisource.org/wiki/운현궁의_봄/제6장,김동인의 대표적인 역사 소설.,,
Q12609070,https://www.wikidata.org/wiki/Special:EntityPage/Q126090700,운현궁의 봄(장편),https://www.wikidata.org/wiki/Q625815,김동인,0000 0001 0915 8152,1933,https://ko.wikisource.org/wiki/운현궁의_봄/제7장,김동인의 대표적인 역사 소설.,,
Q12609070,https://www.wikidata.org/wiki/Special:EntityPage/Q126090700,운현궁의 봄(장편),https://www.wikidata.org/wiki/Q625815,김동인,0000 0001 0915 8152,1933,https://ko.wikisource.org/wiki/운현궁의_봄/제8장,김동인의 대표적인 역사 소설.,,
Q12609070,https://www.wikidata.org/wiki/Special:EntityPage/Q126090700,운현궁의 봄(장편),https://www.wikidata.org/wiki/Q625815,김동인,0000 0001 0915 8152,1933,https://ko.wikisource.org/wiki/운현궁의_봄/제9장,김동인의 대표적인 역사 소설.,,
Q12609070,https://www.wikidata.org/wiki/Special:EntityPage/Q126090700,운현궁의 봄(장편),https://www.wikidata.org/wiki/Q625815,김동인,0000 0001 0915 8152,1933,https://ko.wikisource.org/wiki/운현궁의_봄/제10장,김동인의 대표적인 역사 소설.,,
Q12609070,https://www.wikidata.org/wiki/Special:EntityPage/Q126090700,운현궁의 봄(장편),https://www.wikidata.org/wiki/Q625815,김동인,0000 0001 0915 8152,1933,https://ko.wikisource.org/wiki/운현궁의_봄/제11장,김동인의 대표적인 역사 소설.,,
Q12609070,https://www.wikidata.org/wiki/Special:EntityPage/Q126090700,운현궁의 봄(장편),https://www.wikidata.org/wiki/Q625815,김동인,0000 0001 0915 8152,1933,https://ko.wikisource.org/wiki/운현궁의_봄/제12장,김동인의 대표적인 역사 소설.,,
Q12609070,https://www.wikidata.org/wiki/Special:EntityPage/Q126090700,운현궁의 봄(장편),https://www.wikidata.org/wiki/Q625815,김동인,0000 0001 0915 8152,1933,https://ko.wikisource.org/wiki/운현궁의_봄/제13장,김동인의 대표적인 역사 소설.,,
Q12609070,https://www.wikidata.org/wiki/Special:EntityPage/Q126090700,운현궁의 봄(장편),https://www.wikidata.org/wiki/Q625815,김동인,0000 0001 0915 8152,1933,https://ko.wikisource.org/wiki/운현궁의_봄/제14장,김동인의 대표적인 역사 소설.,,
Q12609070,https://www.wikidata.org/wiki/Special:EntityPage/Q126090700,운현궁의 봄(장편),https://www.wikidata.org/wiki/Q625815,김동인,0000 0001 0915 8152,1933,https://ko.wikisource.org/wiki/운현궁의_봄/제15장,김동인의 대표적인 역사 소설.,,
Q12609070,https://www.wikidata.org/wiki/Special:EntityPage/Q126090700,운현궁의 봄(장편),https://www.wikidata.org/wiki/Q625815,김동인,0000 0001 0915 8152,1933,https://ko.wikisource.org/wiki/운현궁의_봄/제16장,김동인의 대표적인 역사 소설.,,
Q12609070,https://www.wikidata.org/wiki/Special:EntityPage/Q126090700,운현궁의 봄(장편),https://www.wikidata.org/wiki/Q625815,김동인,0000 0001 0915 8152,1933,https://ko.wikisource.org/wiki/운현궁의_봄/제17장,김동인의 대표적인 역사 소설.,,
Q12609070,https://www.wikidata.org/wiki/Special:EntityPage/Q126090700,운현궁의 봄(장편),https://www.wikidata.org/wiki/Q625815,김동인,0000 0001 0915 8152,1933,https://ko.wikisource.org/wiki/운현궁의_봄/제18장,김동인의 대표적인 역사 소설.,,
Q12609070,https://www.wikidata.org/wiki/Special:EntityPage/Q126090700,운현궁의 봄(장편),https://www.wikidata.org/wiki/Q625815,김동인,0000 0001 0915 8152,1933,https://ko.wikisource.org/wiki/운현궁의_봄/제19장,김동인의 대표적인 역사 소설.,,
Q12609070,https://www.wikidata.org/wiki/Special:EntityPage/Q126090700,운현궁의 봄(장편),https://www.wikidata.org/wiki/Q625815,김동인,0000 0001 0915 8152,1933,https://ko.wikisource.org/wiki/운현궁의_봄/제20장,김동인의 대표적인 역사 소설.,,
Q12609070,https://www.wikidata.org/wiki/Special:EntityPage/Q126090700,운현궁의 봄(장편),https://www.wikidata.org/wiki/Q625815,김동인,0000 0001 0915 8152,1933,https://ko.wikisource.org/wiki/운현궁의_봄/제21장,김동인의 대표적인 역사 소설.,,
Q12609070,https://www.wikidata.org/wiki/Special:EntityPage/Q126090700,운현궁의 봄(장편),https://www.wikidata.org/wiki/Q625815,김동인,0000 0001 0915 8152,1933,https://ko.wikisource.org/wiki/운현궁의_봄/제22장,김동인의 대표적인 역사 소설.,,
Q12609070,https://www.wikidata.org/wiki/Special:EntityPage/Q126090700,운현궁의 봄(장편),https://www.wikidata.org/wiki/Q625815,김동인,0000 0001 0915 8152,1933,https://ko.wikisource.org/wiki/운현궁의_봄/제23장,김동인의 대표적인 역사 소설.,,
Q12609070,https://www.wikidata.org/wiki/Special:EntityPage/Q126090700,운현궁의 봄(장편),https://www.wikidata.org/wiki/Q625815,김동인,0000 0001 0915 8152,1933,https://ko.wikisource.org/wiki/운현궁의_봄/제24장,김동인의 대표적인 역사 소설.,,
Q12609070,https://www.wikidata.org/wiki/Special:EntityPage/Q126090700,운현궁의 봄(장편),https://www.wikidata.org/wiki/Q625815,김동인,0000 0001 0915 8152,1933,https://ko.wikisource.org/wiki/운현궁의_봄/제25장,김동인의 대표적인 역사 소설.,,
Q12594055,https://www.wikidata.org/wiki/Special:EntityPage/Q12594055,레디메이드 인생,https://www.wikidata.org/wiki/Q623552,채만식,0000 0001 0882 5128,1933,https://ko.wikisource.org/wiki/레디메이드_인생,채만식 초기의 자기 풍자소설,https://encykorea.aks.ac.kr/Article/E0017242,E0017242
없음,없음,물,https://www.wikidata.org/wiki/Q16173510,김남천,0000 0000 8272 9276,1933,https://ko.wikisource.org/wiki/물,카프(조선프롤레타리아예술가동맹)의 대표 소설가. https://encykorea.aks.ac.kr/Article/E0008868,,
Q12595068,https://www.wikidata.org/wiki/Special:EntityPage/Q12595068,메밀꽃 필 무렵,https://www.wikidata.org/wiki/Q483075,이효석,0000 0000 8379 5582,1933,https://ko.wikisource.org/wiki/메밀꽃_필_무렵,"사회주의적 성격이나 계몽을 추구하는 경향주의 문학에 반해 순수예술 추구를 목표로 발족된 구인회의 일원으로, 해당 작품은 그 대표작.",https://encykorea.aks.ac.kr/Article/E0018494,E0018494
,,꺼래이,,백신애,0000 0000 8226 8270,1934,https://ko.wikisource.org/wiki/꺼래이,여성 근대 소설가의 러시아 국경을 넘나드는 한국인의 비극적인 모습을 그린 작품,,
없음,없음,소금,https://www.wikidata.org/wiki/Special:EntityPage/Q47305,강경애,0000 0000 8396 8420,1934,https://ko.wikisource.org/wiki/소금,만주를 배경으로 식민지 서발턴 여성의 곤궁한 삶을 재현한 작품. ,,
없음,없음,인간문제,https://www.wikidata.org/wiki/Special:EntityPage/Q47305,강경애,0000 0000 8396 8420,1934,https://ko.wikisource.org/wiki/인간문제,식민지 한국의 빈곤문제를 무산계급 여성의 관점에서 작품화한 강경애의 대표작. ,https://encykorea.aks.ac.kr/Article/E0046825,E0046825
Q12597934,https://www.wikidata.org/wiki/Special:EntityPage/Q125979344,백치 아다다,https://www.wikidata.org/wiki/Q10855253,계용묵,0000 0000 8146 1765,1935,https://ko.wikisource.org/wiki/백치_아다다,초기의 경향문학적 흐름 이후 비교적 순수 예술을 추구한 두번째 시기에 쓰인 작품이자 계용묵의 대표작. 최근에는 장애 인물의 등장에 주목해 당시 장애 담론을 분석하는 텍스트로도 많이 쓰이는 듯.,https://encykorea.aks.ac.kr/Article/E0022424,E0022424
Q61097625,https://www.wikidata.org/wiki/Special:EntityPage/Q61097625,동백꽃,https://www.wikidata.org/wiki/Q624299,김유정,0000 0000 8070 1819,1936,https://ko.wikisource.org/wiki/동백꽃,농촌을 배경으로 한 토속적인 소설을 많이 썼던 김유정의 대표작. https://encykorea.aks.ac.kr/Article/E0010093,https://encykorea.aks.ac.kr/Article/E0016498,E0016498
Q12589737,https://www.wikidata.org/wiki/Special:EntityPage/Q125897377,날개,https://www.wikidata.org/wiki/Q486028,이상,0000 0003 5813 7117,1936,https://ko.wikisource.org/wiki/날개,(이효석 등이 탈퇴한 이후에 가입한)구인회 일원이자 1930년대 한국 모더니즘 대표 소설가 이상의 대표작.,https://encykorea.aks.ac.kr/Article/c,E0016498
Q64788677,https://www.wikidata.org/wiki/Special:EntityPage/Q647886777,치숙,https://www.wikidata.org/wiki/Q623552,채만식,0000 0001 0882 5128,1938,https://ko.wikisource.org/wiki/민족의_죄인,"탁류, 태평천하(장편)와 같은 해에 씌인 대표적인 지식인 풍자 소설",https://encykorea.aks.ac.kr/Article/E0020267,E0020267
없음,없음,마인(탐정소설),https://www.wikidata.org/wiki/Special:EntityPage/Q625336,김내성,0000 0004 5440 1918,1939,https://ko.wikisource.org/wiki/마인/1장,"한국 탐정소설의 개척자인 김내성의 작품 세계는 해방 전과 후로 나뉘는데, 해방 전에는 주로 탐정소설을 집필하였고 이 작품은 그 대표작이다.",https://encykorea.aks.ac.kr/Article/E0017429,E0017429
없음,없음,마인(탐정소설),https://www.wikidata.org/wiki/Special:EntityPage/Q625336,김내성,0000 0004 5440 1918,1939,https://ko.wikisource.org/wiki/마인/2장,"한국 탐정소설의 개척자인 김내성의 작품 세계는 해방 전과 후로 나뉘는데, 해방 전에는 주로 탐정소설을 집필하였고 이 작품은 그 대표작이다.",https://encykorea.aks.ac.kr/Article/E0017429,E0017429
없음,없음,마인(탐정소설),https://www.wikidata.org/wiki/Special:EntityPage/Q625336,김내성,0000 0004 5440 1918,1939,https://ko.wikisource.org/wiki/마인/3장,"한국 탐정소설의 개척자인 김내성의 작품 세계는 해방 전과 후로 나뉘는데, 해방 전에는 주로 탐정소설을 집필하였고 이 작품은 그 대표작이다.",https://encykorea.aks.ac.kr/Article/E0017429,E0017429
없음,없음,마인(탐정소설),https://www.wikidata.org/wiki/Special:EntityPage/Q625336,김내성,0000 0004 5440 1918,1939,https://ko.wikisource.org/wiki/마인/4장,"한국 탐정소설의 개척자인 김내성의 작품 세계는 해방 전과 후로 나뉘는데, 해방 전에는 주로 탐정소설을 집필하였고 이 작품은 그 대표작이다.",https://encykorea.aks.ac.kr/Article/E0017429,E0017429
없음,없음,마인(탐정소설),https://www.wikidata.org/wiki/Special:EntityPage/Q625336,김내성,0000 0004 5440 1918,1939,https://ko.wikisource.org/wiki/마인/5장,"한국 탐정소설의 개척자인 김내성의 작품 세계는 해방 전과 후로 나뉘는데, 해방 전에는 주로 탐정소설을 집필하였고 이 작품은 그 대표작이다.",https://encykorea.aks.ac.kr/Article/E0017429,E0017429
없음,없음,마인(탐정소설),https://www.wikidata.org/wiki/Special:EntityPage/Q625336,김내성,0000 0004 5440 1918,1939,https://ko.wikisource.org/wiki/마인/6장,"한국 탐정소설의 개척자인 김내성의 작품 세계는 해방 전과 후로 나뉘는데, 해방 전에는 주로 탐정소설을 집필하였고 이 작품은 그 대표작이다.",https://encykorea.aks.ac.kr/Article/E0017429,E0017429
없음,없음,마인(탐정소설),https://www.wikidata.org/wiki/Special:EntityPage/Q625336,김내성,0000 0004 5440 1918,1939,https://ko.wikisource.org/wiki/마인/7장,"한국 탐정소설의 개척자인 김내성의 작품 세계는 해방 전과 후로 나뉘는데, 해방 전에는 주로 탐정소설을 집필하였고 이 작품은 그 대표작이다.",https://encykorea.aks.ac.kr/Article/E0017429,E0017429
없음,없음,마인(탐정소설),https://www.wikidata.org/wiki/Special:EntityPage/Q625336,김내성,0000 0004 5440 1918,1939,https://ko.wikisource.org/wiki/마인/8장,"한국 탐정소설의 개척자인 김내성의 작품 세계는 해방 전과 후로 나뉘는데, 해방 전에는 주로 탐정소설을 집필하였고 이 작품은 그 대표작이다.",https://encykorea.aks.ac.kr/Article/E0017429,E0017429
없음,없음,마인(탐정소설),https://www.wikidata.org/wiki/Special:EntityPage/Q625336,김내성,0000 0004 5440 1918,1939,https://ko.wikisource.org/wiki/마인/9장,"한국 탐정소설의 개척자인 김내성의 작품 세계는 해방 전과 후로 나뉘는데, 해방 전에는 주로 탐정소설을 집필하였고 이 작품은 그 대표작이다.",https://encykorea.aks.ac.kr/Article/E0017429,E0017429
없음,없음,마인(탐정소설),https://www.wikidata.org/wiki/Special:EntityPage/Q625336,김내성,0000 0004 5440 1918,1939,https://ko.wikisource.org/wiki/마인/10장,"한국 탐정소설의 개척자인 김내성의 작품 세계는 해방 전과 후로 나뉘는데, 해방 전에는 주로 탐정소설을 집필하였고 이 작품은 그 대표작이다.",https://encykorea.aks.ac.kr/Article/E0017429,E0017429
없음,없음,마인(탐정소설),https://www.wikidata.org/wiki/Special:EntityPage/Q625336,김내성,0000 0004 5440 1918,1939,https://ko.wikisource.org/wiki/마인/11장,"한국 탐정소설의 개척자인 김내성의 작품 세계는 해방 전과 후로 나뉘는데, 해방 전에는 주로 탐정소설을 집필하였고 이 작품은 그 대표작이다.",https://encykorea.aks.ac.kr/Article/E0017429,E0017429
없음,없음,마인(탐정소설),https://www.wikidata.org/wiki/Special:EntityPage/Q625336,김내성,0000 0004 5440 1918,1939,https://ko.wikisource.org/wiki/마인/12장,"한국 탐정소설의 개척자인 김내성의 작품 세계는 해방 전과 후로 나뉘는데, 해방 전에는 주로 탐정소설을 집필하였고 이 작품은 그 대표작이다.",https://encykorea.aks.ac.kr/Article/E0017429,E0017429
없음,없음,마인(탐정소설),https://www.wikidata.org/wiki/Special:EntityPage/Q625336,김내성,0000 0004 5440 1918,1939,https://ko.wikisource.org/wiki/마인/13장,"한국 탐정소설의 개척자인 김내성의 작품 세계는 해방 전과 후로 나뉘는데, 해방 전에는 주로 탐정소설을 집필하였고 이 작품은 그 대표작이다.",https://encykorea.aks.ac.kr/Article/E0017429,E0017429
없음,없음,마인(탐정소설),https://www.wikidata.org/wiki/Special:EntityPage/Q625336,김내성,0000 0004 5440 1918,1939,https://ko.wikisource.org/wiki/마인/14장,"한국 탐정소설의 개척자인 김내성의 작품 세계는 해방 전과 후로 나뉘는데, 해방 전에는 주로 탐정소설을 집필하였고 이 작품은 그 대표작이다.",https://encykorea.aks.ac.kr/Article/E0017429,E0017429
없음,없음,마인(탐정소설),https://www.wikidata.org/wiki/Special:EntityPage/Q625336,김내성,0000 0004 5440 1918,1939,https://ko.wikisource.org/wiki/마인/15장,"한국 탐정소설의 개척자인 김내성의 작품 세계는 해방 전과 후로 나뉘는데, 해방 전에는 주로 탐정소설을 집필하였고 이 작품은 그 대표작이다.",https://encykorea.aks.ac.kr/Article/E0017429,E0017429
없음,없음,마인(탐정소설),https://www.wikidata.org/wiki/Special:EntityPage/Q625336,김내성,0000 0004 5440 1918,1939,https://ko.wikisource.org/wiki/마인/16장,"한국 탐정소설의 개척자인 김내성의 작품 세계는 해방 전과 후로 나뉘는데, 해방 전에는 주로 탐정소설을 집필하였고 이 작품은 그 대표작이다.",https://encykorea.aks.ac.kr/Article/E0017429,E0017429
없음,없음,마인(탐정소설),https://www.wikidata.org/wiki/Special:EntityPage/Q625336,김내성,0000 0004 5440 1918,1939,https://ko.wikisource.org/wiki/마인/17장,"한국 탐정소설의 개척자인 김내성의 작품 세계는 해방 전과 후로 나뉘는데, 해방 전에는 주로 탐정소설을 집필하였고 이 작품은 그 대표작이다.",https://encykorea.aks.ac.kr/Article/E0017429,E0017429
없음,없음,마인(탐정소설),https://www.wikidata.org/wiki/Special:EntityPage/Q625336,김내성,0000 0004 5440 1918,1939,https://ko.wikisource.org/wiki/마인/18장,"한국 탐정소설의 개척자인 김내성의 작품 세계는 해방 전과 후로 나뉘는데, 해방 전에는 주로 탐정소설을 집필하였고 이 작품은 그 대표작이다.",https://encykorea.aks.ac.kr/Article/E0017429,E0017429
없음,없음,마인(탐정소설),https://www.wikidata.org/wiki/Special:EntityPage/Q625336,김내성,0000 0004 5440 1918,1939,https://ko.wikisource.org/wiki/마인/19장,"한국 탐정소설의 개척자인 김내성의 작품 세계는 해방 전과 후로 나뉘는데, 해방 전에는 주로 탐정소설을 집필하였고 이 작품은 그 대표작이다.",https://encykorea.aks.ac.kr/Article/E0017429,E0017429
없음,없음,마인(탐정소설),https://www.wikidata.org/wiki/Special:EntityPage/Q625336,김내성,0000 0004 5440 1918,1939,https://ko.wikisource.org/wiki/마인/20장,"한국 탐정소설의 개척자인 김내성의 작품 세계는 해방 전과 후로 나뉘는데, 해방 전에는 주로 탐정소설을 집필하였고 이 작품은 그 대표작이다.",https://encykorea.aks.ac.kr/Article/E0017429,E0017429
없음,없음,마인(탐정소설),https://www.wikidata.org/wiki/Special:EntityPage/Q625336,김내성,0000 0004 5440 1918,1939,https://ko.wikisource.org/wiki/마인/21장,"한국 탐정소설의 개척자인 김내성의 작품 세계는 해방 전과 후로 나뉘는데, 해방 전에는 주로 탐정소설을 집필하였고 이 작품은 그 대표작이다.",https://encykorea.aks.ac.kr/Article/E0017429,E0017429
없음,없음,마인(탐정소설),https://www.wikidata.org/wiki/Special:EntityPage/Q625336,김내성,0000 0004 5440 1918,1939,https://ko.wikisource.org/wiki/마인/22장,"한국 탐정소설의 개척자인 김내성의 작품 세계는 해방 전과 후로 나뉘는데, 해방 전에는 주로 탐정소설을 집필하였고 이 작품은 그 대표작이다.",https://encykorea.aks.ac.kr/Article/E0017429,E0017429
없음,없음,마인(탐정소설),https://www.wikidata.org/wiki/Special:EntityPage/Q625336,김내성,0000 0004 5440 1918,1939,https://ko.wikisource.org/wiki/마인/23장,"한국 탐정소설의 개척자인 김내성의 작품 세계는 해방 전과 후로 나뉘는데, 해방 전에는 주로 탐정소설을 집필하였고 이 작품은 그 대표작이다.",https://encykorea.aks.ac.kr/Article/E0017429,E0017429
없음,없음,마인(탐정소설),https://www.wikidata.org/wiki/Special:EntityPage/Q625336,김내성,0000 0004 5440 1918,1939,https://ko.wikisource.org/wiki/마인/24장,"한국 탐정소설의 개척자인 김내성의 작품 세계는 해방 전과 후로 나뉘는데, 해방 전에는 주로 탐정소설을 집필하였고 이 작품은 그 대표작이다.",https://encykorea.aks.ac.kr/Article/E0017429,E0017429
없음,없음,마인(탐정소설),https://www.wikidata.org/wiki/Special:EntityPage/Q625336,김내성,0000 0004 5440 1918,1939,https://ko.wikisource.org/wiki/마인/25장,"한국 탐정소설의 개척자인 김내성의 작품 세계는 해방 전과 후로 나뉘는데, 해방 전에는 주로 탐정소설을 집필하였고 이 작품은 그 대표작이다.",https://encykorea.aks.ac.kr/Article/E0017429,E0017429
없음,없음,마인(탐정소설),https://www.wikidata.org/wiki/Special:EntityPage/Q625336,김내성,0000 0004 5440 1918,1939,https://ko.wikisource.org/wiki/마인/26장,"한국 탐정소설의 개척자인 김내성의 작품 세계는 해방 전과 후로 나뉘는데, 해방 전에는 주로 탐정소설을 집필하였고 이 작품은 그 대표작이다.",https://encykorea.aks.ac.kr/Article/E0017429,E0017429
없음,없음,마인(탐정소설),https://www.wikidata.org/wiki/Special:EntityPage/Q625336,김내성,0000 0004 5440 1918,1939,https://ko.wikisource.org/wiki/마인/27장,"한국 탐정소설의 개척자인 김내성의 작품 세계는 해방 전과 후로 나뉘는데, 해방 전에는 주로 탐정소설을 집필하였고 이 작품은 그 대표작이다.",https://encykorea.aks.ac.kr/Article/E0017429,E0017429
없음,없음,마인(탐정소설),https://www.wikidata.org/wiki/Special:EntityPage/Q625336,김내성,0000 0004 5440 1918,1939,https://ko.wikisource.org/wiki/마인/28장,"한국 탐정소설의 개척자인 김내성의 작품 세계는 해방 전과 후로 나뉘는데, 해방 전에는 주로 탐정소설을 집필하였고 이 작품은 그 대표작이다.",https://encykorea.aks.ac.kr/Article/E0017429,E0017429
없음,없음,마인(탐정소설),https://www.wikidata.org/wiki/Special:EntityPage/Q625336,김내성,0000 0004 5440 1918,1939,https://ko.wikisource.org/wiki/마인/29장,"한국 탐정소설의 개척자인 김내성의 작품 세계는 해방 전과 후로 나뉘는데, 해방 전에는 주로 탐정소설을 집필하였고 이 작품은 그 대표작이다.",https://encykorea.aks.ac.kr/Article/E0017429,E0017429
Q18213384,https://www.wikidata.org/wiki/Special:EntityPage/Q18213384,유치장에서 만난 사나이,https://www.wikidata.org/wiki/Q4967613,김사량,0000 0003 7474 1955,1940,https://ko.wikisource.org/wiki/유치장에서_만난_사나이,일제 식민지기 말기 탈식민을 치열하게 고민한 것으로 평가 받는 재일 한인 문학가.,,
없음,없음,낙조(장편),https://www.wikidata.org/wiki/Q4967613,김사량,0000 0003 7474 1955,1940,https://ko.wikisource.org/wiki/낙조_(김사량),3.1운동의 경험을 소설화.,,
없음,없음,도정,https://www.wikidata.org/wiki/Special:EntityPage/Q12618100,지하련,0000 0000 6412 0045,1946,https://ko.wikisource.org/wiki/도정,"https://encykorea.aks.ac.kr/Article/E0054450 광복 직후 결성된 좌익계 문학단체인 조선문학가동맹에서 활동했으며, 월북한 여성 소설가.",,
없음,없음,청춘극장(장편),https://www.wikidata.org/wiki/Special:EntityPage/Q625336,김내성,0000 0004 5440 1918,1949,https://ko.wikisource.org/wiki/청춘극장/1권/1장,김내성이 해방 후 주로 창작했던 대중 연애 소설의 대표작.,https://encykorea.aks.ac.kr/Article/E0056803,E0056803
없음,없음,청춘극장(장편),https://www.wikidata.org/wiki/Special:EntityPage/Q625336,김내성,0000 0004 5440 1918,1949,https://ko.wikisource.org/wiki/청춘극장/1권/2장,김내성이 해방 후 주로 창작했던 대중 연애 소설의 대표작.,https://encykorea.aks.ac.kr/Article/E0056803,E0056803
없음,없음,청춘극장(장편),https://www.wikidata.org/wiki/Special:EntityPage/Q625336,김내성,0000 0004 5440 1918,1949,https://ko.wikisource.org/wiki/청춘극장/1권/3장,김내성이 해방 후 주로 창작했던 대중 연애 소설의 대표작.,https://encykorea.aks.ac.kr/Article/E0056803,E0056803
없음,없음,청춘극장(장편),https://www.wikidata.org/wiki/Special:EntityPage/Q625336,김내성,0000 0004 5440 1918,1949,https://ko.wikisource.org/wiki/청춘극장/1권/4장,김내성이 해방 후 주로 창작했던 대중 연애 소설의 대표작.,https://encykorea.aks.ac.kr/Article/E0056803,E0056803
없음,없음,청춘극장(장편),https://www.wikidata.org/wiki/Special:EntityPage/Q625336,김내성,0000 0004 5440 1918,1949,https://ko.wikisource.org/wiki/청춘극장/1권/5장,김내성이 해방 후 주로 창작했던 대중 연애 소설의 대표작.,https://encykorea.aks.ac.kr/Article/E0056803,E0056803
없음,없음,청춘극장(장편),https://www.wikidata.org/wiki/Special:EntityPage/Q625336,김내성,0000 0004 5440 1918,1949,https://ko.wikisource.org/wiki/청춘극장/1권/6장,김내성이 해방 후 주로 창작했던 대중 연애 소설의 대표작.,https://encykorea.aks.ac.kr/Article/E0056803,E0056803
없음,없음,청춘극장(장편),https://www.wikidata.org/wiki/Special:EntityPage/Q625336,김내성,0000 0004 5440 1918,1949,https://ko.wikisource.org/wiki/청춘극장/1권/7장,김내성이 해방 후 주로 창작했던 대중 연애 소설의 대표작.,https://encykorea.aks.ac.kr/Article/E0056803,E0056803
없음,없음,청춘극장(장편),https://www.wikidata.org/wiki/Special:EntityPage/Q625336,김내성,0000 0004 5440 1918,1949,https://ko.wikisource.org/wiki/청춘극장/1권/8장,김내성이 해방 후 주로 창작했던 대중 연애 소설의 대표작.,https://encykorea.aks.ac.kr/Article/E0056803,E0056803
없음,없음,청춘극장(장편),https://www.wikidata.org/wiki/Special:EntityPage/Q625336,김내성,0000 0004 5440 1918,1949,https://ko.wikisource.org/wiki/청춘극장/1권/9장,김내성이 해방 후 주로 창작했던 대중 연애 소설의 대표작.,https://encykorea.aks.ac.kr/Article/E0056803,E0056803
없음,없음,청춘극장(장편),https://www.wikidata.org/wiki/Special:EntityPage/Q625336,김내성,0000 0004 5440 1918,1949,https://ko.wikisource.org/wiki/청춘극장/1권/10장,김내성이 해방 후 주로 창작했던 대중 연애 소설의 대표작.,https://encykorea.aks.ac.kr/Article/E0056803,E0056803
없음,없음,청춘극장(장편),https://www.wikidata.org/wiki/Special:EntityPage/Q625336,김내성,0000 0004 5440 1918,1949,https://ko.wikisource.org/wiki/청춘극장/1권/11장,김내성이 해방 후 주로 창작했던 대중 연애 소설의 대표작.,https://encykorea.aks.ac.kr/Article/E0056803,E0056803
없음,없음,청춘극장(장편),https://www.wikidata.org/wiki/Special:EntityPage/Q625336,김내성,0000 0004 5440 1918,1949,https://ko.wikisource.org/wiki/청춘극장/1권/12장,김내성이 해방 후 주로 창작했던 대중 연애 소설의 대표작.,https://encykorea.aks.ac.kr/Article/E0056803,E0056803
없음,없음,청춘극장(장편),https://www.wikidata.org/wiki/Special:EntityPage/Q625336,김내성,0000 0004 5440 1918,1949,https://ko.wikisource.org/wiki/청춘극장/1권/13장,김내성이 해방 후 주로 창작했던 대중 연애 소설의 대표작.,https://encykorea.aks.ac.kr/Article/E0056803,E0056803
없음,없음,청춘극장(장편),https://www.wikidata.org/wiki/Special:EntityPage/Q625336,김내성,0000 0004 5440 1918,1949,https://ko.wikisource.org/wiki/청춘극장/1권/14장,김내성이 해방 후 주로 창작했던 대중 연애 소설의 대표작.,https://encykorea.aks.ac.kr/Article/E0056803,E0056803
없음,없음,청춘극장(장편),https://www.wikidata.org/wiki/Special:EntityPage/Q625336,김내성,0000 0004 5440 1918,1949,https://ko.wikisource.org/wiki/청춘극장/1권/15장,김내성이 해방 후 주로 창작했던 대중 연애 소설의 대표작.,https://encykorea.aks.ac.kr/Article/E0056803,E0056803
없음,없음,청춘극장(장편),https://www.wikidata.org/wiki/Special:EntityPage/Q625336,김내성,0000 0004 5440 1918,1949,https://ko.wikisource.org/wiki/청춘극장/1권/16장,김내성이 해방 후 주로 창작했던 대중 연애 소설의 대표작.,https://encykorea.aks.ac.kr/Article/E0056803,E0056803
없음,없음,청춘극장(장편),https://www.wikidata.org/wiki/Special:EntityPage/Q625336,김내성,0000 0004 5440 1918,1949,https://ko.wikisource.org/wiki/청춘극장/1권/17장,김내성이 해방 후 주로 창작했던 대중 연애 소설의 대표작.,https://encykorea.aks.ac.kr/Article/E0056803,E0056803
없음,없음,청춘극장(장편),https://www.wikidata.org/wiki/Special:EntityPage/Q625336,김내성,0000 0004 5440 1918,1949,https://ko.wikisource.org/wiki/청춘극장/1권/18장,김내성이 해방 후 주로 창작했던 대중 연애 소설의 대표작.,https://encykorea.aks.ac.kr/Article/E0056803,E0056803
없음,없음,청춘극장(장편),https://www.wikidata.org/wiki/Special:EntityPage/Q625336,김내성,0000 0004 5440 1918,1949,https://ko.wikisource.org/wiki/청춘극장/1권/19장,김내성이 해방 후 주로 창작했던 대중 연애 소설의 대표작.,https://encykorea.aks.ac.kr/Article/E0056803,E0056803
없음,없음,청춘극장(장편),https://www.wikidata.org/wiki/Special:EntityPage/Q625336,김내성,0000 0004 5440 1918,1949,https://ko.wikisource.org/wiki/청춘극장/1권/20장,김내성이 해방 후 주로 창작했던 대중 연애 소설의 대표작.,https://encykorea.aks.ac.kr/Article/E0056803,E0056803
없음,없음,청춘극장(장편),https://www.wikidata.org/wiki/Special:EntityPage/Q625336,김내성,0000 0004 5440 1918,1949,https://ko.wikisource.org/wiki/청춘극장/1권/21장,김내성이 해방 후 주로 창작했던 대중 연애 소설의 대표작.,https://encykorea.aks.ac.kr/Article/E0056803,E0056803
없음,없음,청춘극장(장편),https://www.wikidata.org/wiki/Special:EntityPage/Q625336,김내성,0000 0004 5440 1918,1949,https://ko.wikisource.org/wiki/청춘극장/1권/22장,김내성이 해방 후 주로 창작했던 대중 연애 소설의 대표작.,https://encykorea.aks.ac.kr/Article/E0056803,E0056803
없음,없음,청춘극장(장편),https://www.wikidata.org/wiki/Special:EntityPage/Q625336,김내성,0000 0004 5440 1918,1949,https://ko.wikisource.org/wiki/청춘극장/1권/23장,김내성이 해방 후 주로 창작했던 대중 연애 소설의 대표작.,https://encykorea.aks.ac.kr/Article/E0056803,E0056803
없음,없음,청춘극장(장편),https://www.wikidata.org/wiki/Special:EntityPage/Q625336,김내성,0000 0004 5440 1918,1949,https://ko.wikisource.org/wiki/청춘극장/1권/24장,김내성이 해방 후 주로 창작했던 대중 연애 소설의 대표작.,https://encykorea.aks.ac.kr/Article/E0056803,E0056803
없음,없음,청춘극장(장편),https://www.wikidata.org/wiki/Special:EntityPage/Q625336,김내성,0000 0004 5440 1918,1949,https://ko.wikisource.org/wiki/청춘극장/1권/25장,김내성이 해방 후 주로 창작했던 대중 연애 소설의 대표작.,https://encykorea.aks.ac.kr/Article/E0056803,E0056803
없음,없음,청춘극장(장편),https://www.wikidata.org/wiki/Special:EntityPage/Q625336,김내성,0000 0004 5440 1918,1949,https://ko.wikisource.org/wiki/청춘극장/1권/26장,김내성이 해방 후 주로 창작했던 대중 연애 소설의 대표작.,https://encykorea.aks.ac.kr/Article/E0056803,E0056803
없음,없음,청춘극장(장편),https://www.wikidata.org/wiki/Special:EntityPage/Q625336,김내성,0000 0004 5440 1918,1949,https://ko.wikisource.org/wiki/청춘극장/1권/27장,김내성이 해방 후 주로 창작했던 대중 연애 소설의 대표작.,https://encykorea.aks.ac.kr/Article/E0056803,E0056803
없음,없음,청춘극장(장편),https://www.wikidata.org/wiki/Special:EntityPage/Q625336,김내성,0000 0004 5440 1918,1949,https://ko.wikisource.org/wiki/청춘극장/1권/28장,김내성이 해방 후 주로 창작했던 대중 연애 소설의 대표작.,https://encykorea.aks.ac.kr/Article/E0056803,E0056803
없음,없음,청춘극장(장편),https://www.wikidata.org/wiki/Special:EntityPage/Q625336,김내성,0000 0004 5440 1918,1949,https://ko.wikisource.org/wiki/청춘극장/1권/29장,김내성이 해방 후 주로 창작했던 대중 연애 소설의 대표작.,https://encykorea.aks.ac.kr/Article/E0056803,E0056803
없음,없음,청춘극장(장편),https://www.wikidata.org/wiki/Special:EntityPage/Q625336,김내성,0000 0004 5440 1918,1949,https://ko.wikisource.org/wiki/청춘극장/1권/30장,김내성이 해방 후 주로 창작했던 대중 연애 소설의 대표작.,https://encykorea.aks.ac.kr/Article/E0056803,E0056803
없음,없음,청춘극장(장편),https://www.wikidata.org/wiki/Special:EntityPage/Q625336,김내성,0000 0004 5440 1918,1949,https://ko.wikisource.org/wiki/청춘극장/1권/31장,김내성이 해방 후 주로 창작했던 대중 연애 소설의 대표작.,https://encykorea.aks.ac.kr/Article/E0056803,E0056803
없음,없음,청춘극장(장편),https://www.wikidata.org/wiki/Special:EntityPage/Q625336,김내성,0000 0004 5440 1918,1949,https://ko.wikisource.org/wiki/청춘극장/1권/32장,김내성이 해방 후 주로 창작했던 대중 연애 소설의 대표작.,https://encykorea.aks.ac.kr/Article/E0056803,E0056803
없음,없음,청춘극장(장편),https://www.wikidata.org/wiki/Special:EntityPage/Q625336,김내성,0000 0004 5440 1918,1949,https://ko.wikisource.org/wiki/청춘극장/1권/33장,김내성이 해방 후 주로 창작했던 대중 연애 소설의 대표작.,https://encykorea.aks.ac.kr/Article/E0056803,E0056803
없음,없음,청춘극장(장편),https://www.wikidata.org/wiki/Special:EntityPage/Q625336,김내성,0000 0004 5440 1918,1949,https://ko.wikisource.org/wiki/청춘극장/1권/34장,김내성이 해방 후 주로 창작했던 대중 연애 소설의 대표작.,https://encykorea.aks.ac.kr/Article/E0056803,E0056803
없음,없음,청춘극장(장편),https://www.wikidata.org/wiki/Special:EntityPage/Q625336,김내성,0000 0004 5440 1918,1949,https://ko.wikisource.org/wiki/청춘극장/1권/35장,김내성이 해방 후 주로 창작했던 대중 연애 소설의 대표작.,https://encykorea.aks.ac.kr/Article/E0056803,E0056803
없음,없음,청춘극장(장편),https://www.wikidata.org/wiki/Special:EntityPage/Q625336,김내성,0000 0004 5440 1918,1949,https://ko.wikisource.org/wiki/청춘극장/1권/36장,김내성이 해방 후 주로 창작했던 대중 연애 소설의 대표작.,https://encykorea.aks.ac.kr/Article/E0056803,E0056803
없음,없음,청춘극장(장편),https://www.wikidata.org/wiki/Special:EntityPage/Q625336,김내성,0000 0004 5440 1918,1949,https://ko.wikisource.org/wiki/청춘극장/1권/37장,김내성이 해방 후 주로 창작했던 대중 연애 소설의 대표작.,https://encykorea.aks.ac.kr/Article/E0056803,E0056803
없음,없음,청춘극장(장편),https://www.wikidata.org/wiki/Special:EntityPage/Q625336,김내성,0000 0004 5440 1918,1949,https://ko.wikisource.org/wiki/청춘극장/1권/38장,김내성이 해방 후 주로 창작했던 대중 연애 소설의 대표작.,https://encykorea.aks.ac.kr/Article/E0056803,E0056803
없음,없음,청춘극장(장편),https://www.wikidata.org/wiki/Special:EntityPage/Q625336,김내성,0000 0004 5440 1918,1949,https://ko.wikisource.org/wiki/청춘극장/1권/39장,김내성이 해방 후 주로 창작했던 대중 연애 소설의 대표작.,https://encykorea.aks.ac.kr/Article/E0056803,E0056803
없음,없음,청춘극장(장편),https://www.wikidata.org/wiki/Special:EntityPage/Q625336,김내성,0000 0004 5440 1918,1949,https://ko.wikisource.org/wiki/청춘극장/1권/40장,김내성이 해방 후 주로 창작했던 대중 연애 소설의 대표작.,https://encykorea.aks.ac.kr/Article/E0056803,E0056803
없음,없음,청춘극장(장편),https://www.wikidata.org/wiki/Special:EntityPage/Q625336,김내성,0000 0004 5440 1918,1949,https://ko.wikisource.org/wiki/청춘극장/1권/41장,김내성이 해방 후 주로 창작했던 대중 연애 소설의 대표작.,https://encykorea.aks.ac.kr/Article/E0056803,E0056803
없음,없음,청춘극장(장편),https://www.wikidata.org/wiki/Special:EntityPage/Q625336,김내성,0000 0004 5440 1918,1949,https://ko.wikisource.org/wiki/청춘극장/1권/42장,김내성이 해방 후 주로 창작했던 대중 연애 소설의 대표작.,https://encykorea.aks.ac.kr/Article/E0056803,E0056803
없음,없음,청춘극장(장편),https://www.wikidata.org/wiki/Special:EntityPage/Q625336,김내성,0000 0004 5440 1918,1949,https://ko.wikisource.org/wiki/청춘극장/1권/43장,김내성이 해방 후 주로 창작했던 대중 연애 소설의 대표작.,https://encykorea.aks.ac.kr/Article/E0056803,E0056803
없음,없음,청춘극장(장편),https://www.wikidata.org/wiki/Special:EntityPage/Q625336,김내성,0000 0004 5440 1918,1949,https://ko.wikisource.org/wiki/청춘극장/1권/44장,김내성이 해방 후 주로 창작했던 대중 연애 소설의 대표작.,https://encykorea.aks.ac.kr/Article/E0056803,E0056803
없음,없음,청춘극장(장편),https://www.wikidata.org/wiki/Special:EntityPage/Q625336,김내성,0000 0004 5440 1918,1949,https://ko.wikisource.org/wiki/청춘극장/1권/45장,김내성이 해방 후 주로 창작했던 대중 연애 소설의 대표작.,https://encykorea.aks.ac.kr/Article/E0056803,E0056803
없음,없음,청춘극장(장편),https://www.wikidata.org/wiki/Special:EntityPage/Q625336,김내성,0000 0004 5440 1918,1949,https://ko.wikisource.org/wiki/청춘극장/1권/46장,김내성이 해방 후 주로 창작했던 대중 연애 소설의 대표작.,https://encykorea.aks.ac.kr/Article/E0056803,E0056803
없음,없음,청춘극장(장편),https://www.wikidata.org/wiki/Special:EntityPage/Q625336,김내성,0000 0004 5440 1918,1949,https://ko.wikisource.org/wiki/청춘극장/1권/47장,김내성이 해방 후 주로 창작했던 대중 연애 소설의 대표작.,https://encykorea.aks.ac.kr/Article/E0056803,E0056803
없음,없음,청춘극장(장편),https://www.wikidata.org/wiki/Special:EntityPage/Q625336,김내성,0000 0004 5440 1918,1949,https://ko.wikisource.org/wiki/청춘극장/1권/48장,김내성이 해방 후 주로 창작했던 대중 연애 소설의 대표작.,https://encykorea.aks.ac.kr/Article/E0056803,E0056803
없음,없음,청춘극장(장편),https://www.wikidata.org/wiki/Special:EntityPage/Q625336,김내성,0000 0004 5440 1918,1949,https://ko.wikisource.org/wiki/청춘극장/1권/49장,김내성이 해방 후 주로 창작했던 대중 연애 소설의 대표작.,https://encykorea.aks.ac.kr/Article/E0056803,E0056803
없음,없음,청춘극장(장편),https://www.wikidata.org/wiki/Special:EntityPage/Q625336,김내성,0000 0004 5440 1918,1949,https://ko.wikisource.org/wiki/청춘극장/1권/50장,김내성이 해방 후 주로 창작했던 대중 연애 소설의 대표작.,https://encykorea.aks.ac.kr/Article/E0056803,E0056803
없음,없음,청춘극장(장편),https://www.wikidata.org/wiki/Special:EntityPage/Q625336,김내성,0000 0004 5440 1918,1949,https://ko.wikisource.org/wiki/청춘극장/1권/51장,김내성이 해방 후 주로 창작했던 대중 연애 소설의 대표작.,https://encykorea.aks.ac.kr/Article/E0056803,E0056803
없음,없음,청춘극장(장편),https://www.wikidata.org/wiki/Special:EntityPage/Q625336,김내성,0000 0004 5440 1918,1949,https://ko.wikisource.org/wiki/청춘극장/1권/52장,김내성이 해방 후 주로 창작했던 대중 연애 소설의 대표작.,https://encykorea.aks.ac.kr/Article/E0056803,E0056803
없음,없음,청춘극장(장편),https://www.wikidata.org/wiki/Special:EntityPage/Q625336,김내성,0000 0004 5440 1918,1949,https://ko.wikisource.org/wiki/청춘극장/1권/53장,김내성이 해방 후 주로 창작했던 대중 연애 소설의 대표작.,https://encykorea.aks.ac.kr/Article/E0056803,E0056803
없음,없음,청춘극장(장편),https://www.wikidata.org/wiki/Special:EntityPage/Q625336,김내성,0000 0004 5440 1918,1949,https://ko.wikisource.org/wiki/청춘극장/1권/54장,김내성이 해방 후 주로 창작했던 대중 연애 소설의 대표작.,https://encykorea.aks.ac.kr/Article/E0056803,E0056803
없음,없음,청춘극장(장편),https://www.wikidata.org/wiki/Special:EntityPage/Q625336,김내성,0000 0004 5440 1918,1949,https://ko.wikisource.org/wiki/청춘극장/1권/55장,김내성이 해방 후 주로 창작했던 대중 연애 소설의 대표작.,https://encykorea.aks.ac.kr/Article/E0056803,E0056803
없음,없음,청춘극장(장편),https://www.wikidata.org/wiki/Special:EntityPage/Q625336,김내성,0000 0004 5440 1918,1949,https://ko.wikisource.org/wiki/청춘극장/1권/56장,김내성이 해방 후 주로 창작했던 대중 연애 소설의 대표작.,https://encykorea.aks.ac.kr/Article/E0056803,E0056803
없음,없음,청춘극장(장편),https://www.wikidata.org/wiki/Special:EntityPage/Q625336,김내성,0000 0004 5440 1918,1949,https://ko.wikisource.org/wiki/청춘극장/1권/57장,김내성이 해방 후 주로 창작했던 대중 연애 소설의 대표작.,https://encykorea.aks.ac.kr/Article/E0056803,E0056803
없음,없음,청춘극장(장편),https://www.wikidata.org/wiki/Special:EntityPage/Q625336,김내성,0000 0004 5440 1918,1949,https://ko.wikisource.org/wiki/청춘극장/2권/1장,김내성이 해방 후 주로 창작했던 대중 연애 소설의 대표작.,https://encykorea.aks.ac.kr/Article/E0056803,E0056803
없음,없음,청춘극장(장편),https://www.wikidata.org/wiki/Special:EntityPage/Q625336,김내성,0000 0004 5440 1918,1949,https://ko.wikisource.org/wiki/청춘극장/2권/2장,김내성이 해방 후 주로 창작했던 대중 연애 소설의 대표작.,https://encykorea.aks.ac.kr/Article/E0056803,E0056803
없음,없음,청춘극장(장편),https://www.wikidata.org/wiki/Special:EntityPage/Q625336,김내성,0000 0004 5440 1918,1949,https://ko.wikisource.org/wiki/청춘극장/2권/3장,김내성이 해방 후 주로 창작했던 대중 연애 소설의 대표작.,https://encykorea.aks.ac.kr/Article/E0056803,E0056803
없음,없음,청춘극장(장편),https://www.wikidata.org/wiki/Special:EntityPage/Q625336,김내성,0000 0004 5440 1918,1949,https://ko.wikisource.org/wiki/청춘극장/2권/4장,김내성이 해방 후 주로 창작했던 대중 연애 소설의 대표작.,https://encykorea.aks.ac.kr/Article/E0056803,E0056803
없음,없음,청춘극장(장편),https://www.wikidata.org/wiki/Special:EntityPage/Q625336,김내성,0000 0004 5440 1918,1949,https://ko.wikisource.org/wiki/청춘극장/2권/5장,김내성이 해방 후 주로 창작했던 대중 연애 소설의 대표작.,https://encykorea.aks.ac.kr/Article/E0056803,E0056803
없음,없음,청춘극장(장편),https://www.wikidata.org/wiki/Special:EntityPage/Q625336,김내성,0000 0004 5440 1918,1949,https://ko.wikisource.org/wiki/청춘극장/2권/6장,김내성이 해방 후 주로 창작했던 대중 연애 소설의 대표작.,https://encykorea.aks.ac.kr/Article/E0056803,E0056803
없음,없음,청춘극장(장편),https://www.wikidata.org/wiki/Special:EntityPage/Q625336,김내성,0000 0004 5440 1918,1949,https://ko.wikisource.org/wiki/청춘극장/2권/7장,김내성이 해방 후 주로 창작했던 대중 연애 소설의 대표작.,https://encykorea.aks.ac.kr/Article/E0056803,E0056803
없음,없음,청춘극장(장편),https://www.wikidata.org/wiki/Special:EntityPage/Q625336,김내성,0000 0004 5440 1918,1949,https://ko.wikisource.org/wiki/청춘극장/2권/8장,김내성이 해방 후 주로 창작했던 대중 연애 소설의 대표작.,https://encykorea.aks.ac.kr/Article/E0056803,E0056803
없음,없음,청춘극장(장편),https://www.wikidata.org/wiki/Special:EntityPage/Q625336,김내성,0000 0004 5440 1918,1949,https://ko.wikisource.org/wiki/청춘극장/2권/9장,김내성이 해방 후 주로 창작했던 대중 연애 소설의 대표작.,https://encykorea.aks.ac.kr/Article/E0056803,E0056803
없음,없음,청춘극장(장편),https://www.wikidata.org/wiki/Special:EntityPage/Q625336,김내성,0000 0004 5440 1918,1949,https://ko.wikisource.org/wiki/청춘극장/2권/10장,김내성이 해방 후 주로 창작했던 대중 연애 소설의 대표작.,https://encykorea.aks.ac.kr/Article/E0056803,E0056803
없음,없음,청춘극장(장편),https://www.wikidata.org/wiki/Special:EntityPage/Q625336,김내성,0000 0004 5440 1918,1949,https://ko.wikisource.org/wiki/청춘극장/2권/11장,김내성이 해방 후 주로 창작했던 대중 연애 소설의 대표작.,https://encykorea.aks.ac.kr/Article/E0056803,E0056803
없음,없음,청춘극장(장편),https://www.wikidata.org/wiki/Special:EntityPage/Q625336,김내성,0000 0004 5440 1918,1949,https://ko.wikisource.org/wiki/청춘극장/2권/12장,김내성이 해방 후 주로 창작했던 대중 연애 소설의 대표작.,https://encykorea.aks.ac.kr/Article/E0056803,E0056803
없음,없음,청춘극장(장편),https://www.wikidata.org/wiki/Special:EntityPage/Q625336,김내성,0000 0004 5440 1918,1949,https://ko.wikisource.org/wiki/청춘극장/2권/13장,김내성이 해방 후 주로 창작했던 대중 연애 소설의 대표작.,https://encykorea.aks.ac.kr/Article/E0056803,E0056803
없음,없음,청춘극장(장편),https://www.wikidata.org/wiki/Special:EntityPage/Q625336,김내성,0000 0004 5440 1918,1949,https://ko.wikisource.org/wiki/청춘극장/2권/14장,김내성이 해방 후 주로 창작했던 대중 연애 소설의 대표작.,https://encykorea.aks.ac.kr/Article/E0056803,E0056803
없음,없음,청춘극장(장편),https://www.wikidata.org/wiki/Special:EntityPage/Q625336,김내성,0000 0004 5440 1918,1949,https://ko.wikisource.org/wiki/청춘극장/2권/15장,김내성이 해방 후 주로 창작했던 대중 연애 소설의 대표작.,https://encykorea.aks.ac.kr/Article/E0056803,E0056803
없음,없음,청춘극장(장편),https://www.wikidata.org/wiki/Special:EntityPage/Q625336,김내성,0000 0004 5440 1918,1949,https://ko.wikisource.org/wiki/청춘극장/2권/16장,김내성이 해방 후 주로 창작했던 대중 연애 소설의 대표작.,https://encykorea.aks.ac.kr/Article/E0056803,E0056803
없음,없음,청춘극장(장편),https://www.wikidata.org/wiki/Special:EntityPage/Q625336,김내성,0000 0004 5440 1918,1949,https://ko.wikisource.org/wiki/청춘극장/2권/17장,김내성이 해방 후 주로 창작했던 대중 연애 소설의 대표작.,https://encykorea.aks.ac.kr/Article/E0056803,E0056803
없음,없음,청춘극장(장편),https://www.wikidata.org/wiki/Special:EntityPage/Q625336,김내성,0000 0004 5440 1918,1949,https://ko.wikisource.org/wiki/청춘극장/2권/18장,김내성이 해방 후 주로 창작했던 대중 연애 소설의 대표작.,https://encykorea.aks.ac.kr/Article/E0056803,E0056803
없음,없음,청춘극장(장편),https://www.wikidata.org/wiki/Special:EntityPage/Q625336,김내성,0000 0004 5440 1918,1949,https://ko.wikisource.org/wiki/청춘극장/2권/19장,김내성이 해방 후 주로 창작했던 대중 연애 소설의 대표작.,https://encykorea.aks.ac.kr/Article/E0056803,E0056803
없음,없음,청춘극장(장편),https://www.wikidata.org/wiki/Special:EntityPage/Q625336,김내성,0000 0004 5440 1918,1949,https://ko.wikisource.org/wiki/청춘극장/2권/20장,김내성이 해방 후 주로 창작했던 대중 연애 소설의 대표작.,https://encykorea.aks.ac.kr/Article/E0056803,E0056803
없음,없음,청춘극장(장편),https://www.wikidata.org/wiki/Special:EntityPage/Q625336,김내성,0000 0004 5440 1918,1949,https://ko.wikisource.org/wiki/청춘극장/2권/21장,김내성이 해방 후 주로 창작했던 대중 연애 소설의 대표작.,https://encykorea.aks.ac.kr/Article/E0056803,E0056803
없음,없음,청춘극장(장편),https://www.wikidata.org/wiki/Special:EntityPage/Q625336,김내성,0000 0004 5440 1918,1949,https://ko.wikisource.org/wiki/청춘극장/2권/22장,김내성이 해방 후 주로 창작했던 대중 연애 소설의 대표작.,https://encykorea.aks.ac.kr/Article/E0056803,E0056803
없음,없음,청춘극장(장편),https://www.wikidata.org/wiki/Special:EntityPage/Q625336,김내성,0000 0004 5440 1918,1949,https://ko.wikisource.org/wiki/청춘극장/2권/23장,김내성이 해방 후 주로 창작했던 대중 연애 소설의 대표작.,https://encykorea.aks.ac.kr/Article/E0056803,E0056803
없음,없음,청춘극장(장편),https://www.wikidata.org/wiki/Special:EntityPage/Q625336,김내성,0000 0004 5440 1918,1949,https://ko.wikisource.org/wiki/청춘극장/2권/24장,김내성이 해방 후 주로 창작했던 대중 연애 소설의 대표작.,https://encykorea.aks.ac.kr/Article/E0056803,E0056803
없음,없음,청춘극장(장편),https://www.wikidata.org/wiki/Special:EntityPage/Q625336,김내성,0000 0004 5440 1918,1949,https://ko.wikisource.org/wiki/청춘극장/2권/25장,김내성이 해방 후 주로 창작했던 대중 연애 소설의 대표작.,https://encykorea.aks.ac.kr/Article/E0056803,E0056803
없음,없음,청춘극장(장편),https://www.wikidata.org/wiki/Special:EntityPage/Q625336,김내성,0000 0004 5440 1918,1949,https://ko.wikisource.org/wiki/청춘극장/2권/26장,김내성이 해방 후 주로 창작했던 대중 연애 소설의 대표작.,https://encykorea.aks.ac.kr/Article/E0056803,E0056803
없음,없음,청춘극장(장편),https://www.wikidata.org/wiki/Special:EntityPage/Q625336,김내성,0000 0004 5440 1918,1949,https://ko.wikisource.org/wiki/청춘극장/2권/27장,김내성이 해방 후 주로 창작했던 대중 연애 소설의 대표작.,https://encykorea.aks.ac.kr/Article/E0056803,E0056803
없음,없음,청춘극장(장편),https://www.wikidata.org/wiki/Special:EntityPage/Q625336,김내성,0000 0004 5440 1918,1949,https://ko.wikisource.org/wiki/청춘극장/2권/28장,김내성이 해방 후 주로 창작했던 대중 연애 소설의 대표작.,https://encykorea.aks.ac.kr/Article/E0056803,E0056803
없음,없음,청춘극장(장편),https://www.wikidata.org/wiki/Special:EntityPage/Q625336,김내성,0000 0004 5440 1918,1949,https://ko.wikisource.org/wiki/청춘극장/2권/29장,김내성이 해방 후 주로 창작했던 대중 연애 소설의 대표작.,https://encykorea.aks.ac.kr/Article/E0056803,E0056803
없음,없음,청춘극장(장편),https://www.wikidata.org/wiki/Special:EntityPage/Q625336,김내성,0000 0004 5440 1918,1949,https://ko.wikisource.org/wiki/청춘극장/2권/30장,김내성이 해방 후 주로 창작했던 대중 연애 소설의 대표작.,https://encykorea.aks.ac.kr/Article/E0056803,E0056803
없음,없음,청춘극장(장편),https://www.wikidata.org/wiki/Special:EntityPage/Q625336,김내성,0000 0004 5440 1918,1949,https://ko.wikisource.org/wiki/청춘극장/2권/31장,김내성이 해방 후 주로 창작했던 대중 연애 소설의 대표작.,https://encykorea.aks.ac.kr/Article/E0056803,E0056803
없음,없음,청춘극장(장편),https://www.wikidata.org/wiki/Special:EntityPage/Q625336,김내성,0000 0004 5440 1918,1949,https://ko.wikisource.org/wiki/청춘극장/2권/32장,김내성이 해방 후 주로 창작했던 대중 연애 소설의 대표작.,https://encykorea.aks.ac.kr/Article/E0056803,E0056803
없음,없음,청춘극장(장편),https://www.wikidata.org/wiki/Special:EntityPage/Q625336,김내성,0000 0004 5440 1918,1949,https://ko.wikisource.org/wiki/청춘극장/2권/33장,김내성이 해방 후 주로 창작했던 대중 연애 소설의 대표작.,https://encykorea.aks.ac.kr/Article/E0056803,E0056803
없음,없음,청춘극장(장편),https://www.wikidata.org/wiki/Special:EntityPage/Q625336,김내성,0000 0004 5440 1918,1949,https://ko.wikisource.org/wiki/청춘극장/2권/34장,김내성이 해방 후 주로 창작했던 대중 연애 소설의 대표작.,https://encykorea.aks.ac.kr/Article/E0056803,E0056803
없음,없음,청춘극장(장편),https://www.wikidata.org/wiki/Special:EntityPage/Q625336,김내성,0000 0004 5440 1918,1949,https://ko.wikisource.org/wiki/청춘극장/2권/35장,김내성이 해방 후 주로 창작했던 대중 연애 소설의 대표작.,https://encykorea.aks.ac.kr/Article/E0056803,E0056803
없음,없음,청춘극장(장편),https://www.wikidata.org/wiki/Special:EntityPage/Q625336,김내성,0000 0004 5440 1918,1949,https://ko.wikisource.org/wiki/청춘극장/2권/36장,김내성이 해방 후 주로 창작했던 대중 연애 소설의 대표작.,https://encykorea.aks.ac.kr/Article/E0056803,E0056803
없음,없음,청춘극장(장편),https://www.wikidata.org/wiki/Special:EntityPage/Q625336,김내성,0000 0004 5440 1918,1949,https://ko.wikisource.org/wiki/청춘극장/2권/37장,김내성이 해방 후 주로 창작했던 대중 연애 소설의 대표작.,https://encykorea.aks.ac.kr/Article/E0056803,E0056803
없음,없음,청춘극장(장편),https://www.wikidata.org/wiki/Special:EntityPage/Q625336,김내성,0000 0004 5440 1918,1949,https://ko.wikisource.org/wiki/청춘극장/2권/38장,김내성이 해방 후 주로 창작했던 대중 연애 소설의 대표작.,https://encykorea.aks.ac.kr/Article/E0056803,E0056803
없음,없음,청춘극장(장편),https://www.wikidata.org/wiki/Special:EntityPage/Q625336,김내성,0000 0004 5440 1918,1949,https://ko.wikisource.org/wiki/청춘극장/2권/39장,김내성이 해방 후 주로 창작했던 대중 연애 소설의 대표작.,https://encykorea.aks.ac.kr/Article/E0056803,E0056803
없음,없음,청춘극장(장편),https://www.wikidata.org/wiki/Special:EntityPage/Q625336,김내성,0000 0004 5440 1918,1949,https://ko.wikisource.org/wiki/청춘극장/2권/40장,김내성이 해방 후 주로 창작했던 대중 연애 소설의 대표작.,https://encykorea.aks.ac.kr/Article/E0056803,E0056803
없음,없음,청춘극장(장편),https://www.wikidata.org/wiki/Special:EntityPage/Q625336,김내성,0000 0004 5440 1918,1949,https://ko.wikisource.org/wiki/청춘극장/2권/41장,김내성이 해방 후 주로 창작했던 대중 연애 소설의 대표작.,https://encykorea.aks.ac.kr/Article/E0056803,E0056803
없음,없음,청춘극장(장편),https://www.wikidata.org/wiki/Special:EntityPage/Q625336,김내성,0000 0004 5440 1918,1949,https://ko.wikisource.org/wiki/청춘극장/2권/42장,김내성이 해방 후 주로 창작했던 대중 연애 소설의 대표작.,https://encykorea.aks.ac.kr/Article/E0056803,E0056803
없음,없음,청춘극장(장편),https://www.wikidata.org/wiki/Special:EntityPage/Q625336,김내성,0000 0004 5440 1918,1949,https://ko.wikisource.org/wiki/청춘극장/2권/43장,김내성이 해방 후 주로 창작했던 대중 연애 소설의 대표작.,https://encykorea.aks.ac.kr/Article/E0056803,E0056803
없음,없음,청춘극장(장편),https://www.wikidata.org/wiki/Special:EntityPage/Q625336,김내성,0000 0004 5440 1918,1949,https://ko.wikisource.org/wiki/청춘극장/2권/44장,김내성이 해방 후 주로 창작했던 대중 연애 소설의 대표작.,https://encykorea.aks.ac.kr/Article/E0056803,E0056803
없음,없음,청춘극장(장편),https://www.wikidata.org/wiki/Special:EntityPage/Q625336,김내성,0000 0004 5440 1918,1949,https://ko.wikisource.org/wiki/청춘극장/2권/45장,김내성이 해방 후 주로 창작했던 대중 연애 소설의 대표작.,https://encykorea.aks.ac.kr/Article/E0056803,E0056803
없음,없음,청춘극장(장편),https://www.wikidata.org/wiki/Special:EntityPage/Q625336,김내성,0000 0004 5440 1918,1949,https://ko.wikisource.org/wiki/청춘극장/2권/46장,김내성이 해방 후 주로 창작했던 대중 연애 소설의 대표작.,https://encykorea.aks.ac.kr/Article/E0056803,E0056803
없음,없음,청춘극장(장편),https://www.wikidata.org/wiki/Special:EntityPage/Q625336,김내성,0000 0004 5440 1918,1949,https://ko.wikisource.org/wiki/청춘극장/2권/47장,김내성이 해방 후 주로 창작했던 대중 연애 소설의 대표작.,https://encykorea.aks.ac.kr/Article/E0056803,E0056803
없음,없음,청춘극장(장편),https://www.wikidata.org/wiki/Special:EntityPage/Q625336,김내성,0000 0004 5440 1918,1949,https://ko.wikisource.org/wiki/청춘극장/2권/48장,김내성이 해방 후 주로 창작했던 대중 연애 소설의 대표작.,https://encykorea.aks.ac.kr/Article/E0056803,E0056803
없음,없음,청춘극장(장편),https://www.wikidata.org/wiki/Special:EntityPage/Q625336,김내성,0000 0004 5440 1918,1949,https://ko.wikisource.org/wiki/청춘극장/2권/49장,김내성이 해방 후 주로 창작했던 대중 연애 소설의 대표작.,https://encykorea.aks.ac.kr/Article/E0056803,E0056803
없음,없음,청춘극장(장편),https://www.wikidata.org/wiki/Special:EntityPage/Q625336,김내성,0000 0004 5440 1918,1949,https://ko.wikisource.org/wiki/청춘극장/2권/50장,김내성이 해방 후 주로 창작했던 대중 연애 소설의 대표작.,https://encykorea.aks.ac.kr/Article/E0056803,E0056803
없음,없음,청춘극장(장편),https://www.wikidata.org/wiki/Special:EntityPage/Q625336,김내성,0000 0004 5440 1918,1949,https://ko.wikisource.org/wiki/청춘극장/2권/51장,김내성이 해방 후 주로 창작했던 대중 연애 소설의 대표작.,https://encykorea.aks.ac.kr/Article/E0056803,E0056803
없음,없음,청춘극장(장편),https://www.wikidata.org/wiki/Special:EntityPage/Q625336,김내성,0000 0004 5440 1918,1949,https://ko.wikisource.org/wiki/청춘극장/2권/52장,김내성이 해방 후 주로 창작했던 대중 연애 소설의 대표작.,https://encykorea.aks.ac.kr/Article/E0056803,E0056803
없음,없음,청춘극장(장편),https://www.wikidata.org/wiki/Special:EntityPage/Q625336,김내성,0000 0004 5440 1918,1949,https://ko.wikisource.org/wiki/청춘극장/2권/53장,김내성이 해방 후 주로 창작했던 대중 연애 소설의 대표작.,https://encykorea.aks.ac.kr/Article/E0056803,E0056803
없음,없음,청춘극장(장편),https://www.wikidata.org/wiki/Special:EntityPage/Q625336,김내성,0000 0004 5440 1918,1949,https://ko.wikisource.org/wiki/청춘극장/2권/54장,김내성이 해방 후 주로 창작했던 대중 연애 소설의 대표작.,https://encykorea.aks.ac.kr/Article/E0056803,E0056803
없음,없음,청춘극장(장편),https://www.wikidata.org/wiki/Special:EntityPage/Q625336,김내성,0000 0004 5440 1918,1949,https://ko.wikisource.org/wiki/청춘극장/2권/55장,김내성이 해방 후 주로 창작했던 대중 연애 소설의 대표작.,https://encykorea.aks.ac.kr/Article/E0056803,E0056803
없음,없음,청춘극장(장편),https://www.wikidata.org/wiki/Special:EntityPage/Q625336,김내성,0000 0004 5440 1918,1949,https://ko.wikisource.org/wiki/청춘극장/2권/56장,김내성이 해방 후 주로 창작했던 대중 연애 소설의 대표작.,https://encykorea.aks.ac.kr/Article/E0056803,E0056803
없음,없음,청춘극장(장편),https://www.wikidata.org/wiki/Special:EntityPage/Q625336,김내성,0000 0004 5440 1918,1949,https://ko.wikisource.org/wiki/청춘극장/2권/57장,김내성이 해방 후 주로 창작했던 대중 연애 소설의 대표작.,https://encykorea.aks.ac.kr/Article/E0056803,E0056803
없음,없음,청춘극장(장편),https://www.wikidata.org/wiki/Special:EntityPage/Q625336,김내성,0000 0004 5440 1918,1949,https://ko.wikisource.org/wiki/청춘극장/2권/58장,김내성이 해방 후 주로 창작했던 대중 연애 소설의 대표작.,https://encykorea.aks.ac.kr/Article/E0056803,E0056803
없음,없음,청춘극장(장편),https://www.wikidata.org/wiki/Special:EntityPage/Q625336,김내성,0000 0004 5440 1918,1949,https://ko.wikisource.org/wiki/청춘극장/2권/59장,김내성이 해방 후 주로 창작했던 대중 연애 소설의 대표작.,https://encykorea.aks.ac.kr/Article/E0056803,E0056803
없음,없음,청춘극장(장편),https://www.wikidata.org/wiki/Special:EntityPage/Q625336,김내성,0000 0004 5440 1918,1949,https://ko.wikisource.org/wiki/청춘극장/2권/60장,김내성이 해방 후 주로 창작했던 대중 연애 소설의 대표작.,https://encykorea.aks.ac.kr/Article/E0056803,E0056803
없음,없음,청춘극장(장편),https://www.wikidata.org/wiki/Special:EntityPage/Q625336,김내성,0000 0004 5440 1918,1949,https://ko.wikisource.org/wiki/청춘극장/2권/61장,김내성이 해방 후 주로 창작했던 대중 연애 소설의 대표작.,https://encykorea.aks.ac.kr/Article/E0056803,E0056803
없음,없음,청춘극장(장편),https://www.wikidata.org/wiki/Special:EntityPage/Q625336,김내성,0000 0004 5440 1918,1949,https://ko.wikisource.org/wiki/청춘극장/2권/62장,김내성이 해방 후 주로 창작했던 대중 연애 소설의 대표작.,https://encykorea.aks.ac.kr/Article/E0056803,E0056803
없음,없음,청춘극장(장편),https://www.wikidata.org/wiki/Special:EntityPage/Q625336,김내성,0000 0004 5440 1918,1949,https://ko.wikisource.org/wiki/청춘극장/2권/63장,김내성이 해방 후 주로 창작했던 대중 연애 소설의 대표작.,https://encykorea.aks.ac.kr/Article/E0056803,E0056803
없음,없음,청춘극장(장편),https://www.wikidata.org/wiki/Special:EntityPage/Q625336,김내성,0000 0004 5440 1918,1949,https://ko.wikisource.org/wiki/청춘극장/2권/64장,김내성이 해방 후 주로 창작했던 대중 연애 소설의 대표작.,https://encykorea.aks.ac.kr/Article/E0056803,E0056803
없음,없음,청춘극장(장편),https://www.wikidata.org/wiki/Special:EntityPage/Q625336,김내성,0000 0004 5440 1918,1949,https://ko.wikisource.org/wiki/청춘극장/2권/65장,김내성이 해방 후 주로 창작했던 대중 연애 소설의 대표작.,https://encykorea.aks.ac.kr/Article/E0056803,E0056803
없음,없음,청춘극장(장편),https://www.wikidata.org/wiki/Special:EntityPage/Q625336,김내성,0000 0004 5440 1918,1949,https://ko.wikisource.org/wiki/청춘극장/3권/1장,김내성이 해방 후 주로 창작했던 대중 연애 소설의 대표작.,https://encykorea.aks.ac.kr/Article/E0056803,E0056803
없음,없음,청춘극장(장편),https://www.wikidata.org/wiki/Special:EntityPage/Q625336,김내성,0000 0004 5440 1918,1949,https://ko.wikisource.org/wiki/청춘극장/3권/2장,김내성이 해방 후 주로 창작했던 대중 연애 소설의 대표작.,https://encykorea.aks.ac.kr/Article/E0056803,E0056803
없음,없음,청춘극장(장편),https://www.wikidata.org/wiki/Special:EntityPage/Q625336,김내성,0000 0004 5440 1918,1949,https://ko.wikisource.org/wiki/청춘극장/3권/3장,김내성이 해방 후 주로 창작했던 대중 연애 소설의 대표작.,https://encykorea.aks.ac.kr/Article/E0056803,E0056803
없음,없음,청춘극장(장편),https://www.wikidata.org/wiki/Special:EntityPage/Q625336,김내성,0000 0004 5440 1918,1949,https://ko.wikisource.org/wiki/청춘극장/3권/4장,김내성이 해방 후 주로 창작했던 대중 연애 소설의 대표작.,https://encykorea.aks.ac.kr/Article/E0056803,E0056803
없음,없음,청춘극장(장편),https://www.wikidata.org/wiki/Special:EntityPage/Q625336,김내성,0000 0004 5440 1918,1949,https://ko.wikisource.org/wiki/청춘극장/3권/5장,김내성이 해방 후 주로 창작했던 대중 연애 소설의 대표작.,https://encykorea.aks.ac.kr/Article/E0056803,E0056803
없음,없음,청춘극장(장편),https://www.wikidata.org/wiki/Special:EntityPage/Q625336,김내성,0000 0004 5440 1918,1949,https://ko.wikisource.org/wiki/청춘극장/3권/6장,김내성이 해방 후 주로 창작했던 대중 연애 소설의 대표작.,https://encykorea.aks.ac.kr/Article/E0056803,E0056803
없음,없음,청춘극장(장편),https://www.wikidata.org/wiki/Special:EntityPage/Q625336,김내성,0000 0004 5440 1918,1949,https://ko.wikisource.org/wiki/청춘극장/3권/7장,김내성이 해방 후 주로 창작했던 대중 연애 소설의 대표작.,https://encykorea.aks.ac.kr/Article/E0056803,E0056803
없음,없음,청춘극장(장편),https://www.wikidata.org/wiki/Special:EntityPage/Q625336,김내성,0000 0004 5440 1918,1949,https://ko.wikisource.org/wiki/청춘극장/3권/8장,김내성이 해방 후 주로 창작했던 대중 연애 소설의 대표작.,https://encykorea.aks.ac.kr/Article/E0056803,E0056803
없음,없음,청춘극장(장편),https://www.wikidata.org/wiki/Special:EntityPage/Q625336,김내성,0000 0004 5440 1918,1949,https://ko.wikisource.org/wiki/청춘극장/3권/9장,김내성이 해방 후 주로 창작했던 대중 연애 소설의 대표작.,https://encykorea.aks.ac.kr/Article/E0056803,E0056803
없음,없음,청춘극장(장편),https://www.wikidata.org/wiki/Special:EntityPage/Q625336,김내성,0000 0004 5440 1918,1949,https://ko.wikisource.org/wiki/청춘극장/3권/10장,김내성이 해방 후 주로 창작했던 대중 연애 소설의 대표작.,https://encykorea.aks.ac.kr/Article/E0056803,E0056803
없음,없음,청춘극장(장편),https://www.wikidata.org/wiki/Special:EntityPage/Q625336,김내성,0000 0004 5440 1918,1949,https://ko.wikisource.org/wiki/청춘극장/3권/11장,김내성이 해방 후 주로 창작했던 대중 연애 소설의 대표작.,https://encykorea.aks.ac.kr/Article/E0056803,E0056803
없음,없음,청춘극장(장편),https://www.wikidata.org/wiki/Special:EntityPage/Q625336,김내성,0000 0004 5440 1918,1949,https://ko.wikisource.org/wiki/청춘극장/3권/12장,김내성이 해방 후 주로 창작했던 대중 연애 소설의 대표작.,https://encykorea.aks.ac.kr/Article/E0056803,E0056803
없음,없음,청춘극장(장편),https://www.wikidata.org/wiki/Special:EntityPage/Q625336,김내성,0000 0004 5440 1918,1949,https://ko.wikisource.org/wiki/청춘극장/3권/13장,김내성이 해방 후 주로 창작했던 대중 연애 소설의 대표작.,https://encykorea.aks.ac.kr/Article/E0056803,E0056803
없음,없음,청춘극장(장편),https://www.wikidata.org/wiki/Special:EntityPage/Q625336,김내성,0000 0004 5440 1918,1949,https://ko.wikisource.org/wiki/청춘극장/3권/14장,김내성이 해방 후 주로 창작했던 대중 연애 소설의 대표작.,https://encykorea.aks.ac.kr/Article/E0056803,E0056803
없음,없음,청춘극장(장편),https://www.wikidata.org/wiki/Special:EntityPage/Q625336,김내성,0000 0004 5440 1918,1949,https://ko.wikisource.org/wiki/청춘극장/3권/15장,김내성이 해방 후 주로 창작했던 대중 연애 소설의 대표작.,https://encykorea.aks.ac.kr/Article/E0056803,E0056803
없음,없음,청춘극장(장편),https://www.wikidata.org/wiki/Special:EntityPage/Q625336,김내성,0000 0004 5440 1918,1949,https://ko.wikisource.org/wiki/청춘극장/3권/16장,김내성이 해방 후 주로 창작했던 대중 연애 소설의 대표작.,https://encykorea.aks.ac.kr/Article/E0056803,E0056803
없음,없음,청춘극장(장편),https://www.wikidata.org/wiki/Special:EntityPage/Q625336,김내성,0000 0004 5440 1918,1949,https://ko.wikisource.org/wiki/청춘극장/3권/17장,김내성이 해방 후 주로 창작했던 대중 연애 소설의 대표작.,https://encykorea.aks.ac.kr/Article/E0056803,E0056803
없음,없음,청춘극장(장편),https://www.wikidata.org/wiki/Special:EntityPage/Q625336,김내성,0000 0004 5440 1918,1949,https://ko.wikisource.org/wiki/청춘극장/3권/18장,김내성이 해방 후 주로 창작했던 대중 연애 소설의 대표작.,https://encykorea.aks.ac.kr/Article/E0056803,E0056803
없음,없음,청춘극장(장편),https://www.wikidata.org/wiki/Special:EntityPage/Q625336,김내성,0000 0004 5440 1918,1949,https://ko.wikisource.org/wiki/청춘극장/3권/19장,김내성이 해방 후 주로 창작했던 대중 연애 소설의 대표작.,https://encykorea.aks.ac.kr/Article/E0056803,E0056803
없음,없음,청춘극장(장편),https://www.wikidata.org/wiki/Special:EntityPage/Q625336,김내성,0000 0004 5440 1918,1949,https://ko.wikisource.org/wiki/청춘극장/3권/20장,김내성이 해방 후 주로 창작했던 대중 연애 소설의 대표작.,https://encykorea.aks.ac.kr/Article/E0056803,E0056803
없음,없음,청춘극장(장편),https://www.wikidata.org/wiki/Special:EntityPage/Q625336,김내성,0000 0004 5440 1918,1949,https://ko.wikisource.org/wiki/청춘극장/3권/21장,김내성이 해방 후 주로 창작했던 대중 연애 소설의 대표작.,https://encykorea.aks.ac.kr/Article/E0056803,E0056803
없음,없음,청춘극장(장편),https://www.wikidata.org/wiki/Special:EntityPage/Q625336,김내성,0000 0004 5440 1918,1949,https://ko.wikisource.org/wiki/청춘극장/3권/22장,김내성이 해방 후 주로 창작했던 대중 연애 소설의 대표작.,https://encykorea.aks.ac.kr/Article/E0056803,E0056803
없음,없음,청춘극장(장편),https://www.wikidata.org/wiki/Special:EntityPage/Q625336,김내성,0000 0004 5440 1918,1949,https://ko.wikisource.org/wiki/청춘극장/3권/23장,김내성이 해방 후 주로 창작했던 대중 연애 소설의 대표작.,https://encykorea.aks.ac.kr/Article/E0056803,E0056803
없음,없음,청춘극장(장편),https://www.wikidata.org/wiki/Special:EntityPage/Q625336,김내성,0000 0004 5440 1918,1949,https://ko.wikisource.org/wiki/청춘극장/3권/24장,김내성이 해방 후 주로 창작했던 대중 연애 소설의 대표작.,https://encykorea.aks.ac.kr/Article/E0056803,E0056803
없음,없음,청춘극장(장편),https://www.wikidata.org/wiki/Special:EntityPage/Q625336,김내성,0000 0004 5440 1918,1949,https://ko.wikisource.org/wiki/청춘극장/3권/25장,김내성이 해방 후 주로 창작했던 대중 연애 소설의 대표작.,https://encykorea.aks.ac.kr/Article/E0056803,E0056803
없음,없음,청춘극장(장편),https://www.wikidata.org/wiki/Special:EntityPage/Q625336,김내성,0000 0004 5440 1918,1949,https://ko.wikisource.org/wiki/청춘극장/3권/26장,김내성이 해방 후 주로 창작했던 대중 연애 소설의 대표작.,https://encykorea.aks.ac.kr/Article/E0056803,E0056803
없음,없음,청춘극장(장편),https://www.wikidata.org/wiki/Special:EntityPage/Q625336,김내성,0000 0004 5440 1918,1949,https://ko.wikisource.org/wiki/청춘극장/3권/27장,김내성이 해방 후 주로 창작했던 대중 연애 소설의 대표작.,https://encykorea.aks.ac.kr/Article/E0056803,E0056803
없음,없음,청춘극장(장편),https://www.wikidata.org/wiki/Special:EntityPage/Q625336,김내성,0000 0004 5440 1918,1949,https://ko.wikisource.org/wiki/청춘극장/3권/28장,김내성이 해방 후 주로 창작했던 대중 연애 소설의 대표작.,https://encykorea.aks.ac.kr/Article/E0056803,E0056803
없음,없음,청춘극장(장편),https://www.wikidata.org/wiki/Special:EntityPage/Q625336,김내성,0000 0004 5440 1918,1949,https://ko.wikisource.org/wiki/청춘극장/3권/29장,김내성이 해방 후 주로 창작했던 대중 연애 소설의 대표작.,https://encykorea.aks.ac.kr/Article/E0056803,E0056803
없음,없음,청춘극장(장편),https://www.wikidata.org/wiki/Special:EntityPage/Q625336,김내성,0000 0004 5440 1918,1949,https://ko.wikisource.org/wiki/청춘극장/3권/30장,김내성이 해방 후 주로 창작했던 대중 연애 소설의 대표작.,https://encykorea.aks.ac.kr/Article/E0056803,E0056803
없음,없음,청춘극장(장편),https://www.wikidata.org/wiki/Special:EntityPage/Q625336,김내성,0000 0004 5440 1918,1949,https://ko.wikisource.org/wiki/청춘극장/3권/31장,김내성이 해방 후 주로 창작했던 대중 연애 소설의 대표작.,https://encykorea.aks.ac.kr/Article/E0056803,E0056803
없음,없음,청춘극장(장편),https://www.wikidata.org/wiki/Special:EntityPage/Q625336,김내성,0000 0004 5440 1918,1949,https://ko.wikisource.org/wiki/청춘극장/3권/32장,김내성이 해방 후 주로 창작했던 대중 연애 소설의 대표작.,https://encykorea.aks.ac.kr/Article/E0056803,E0056803
없음,없음,청춘극장(장편),https://www.wikidata.org/wiki/Special:EntityPage/Q625336,김내성,0000 0004 5440 1918,1949,https://ko.wikisource.org/wiki/청춘극장/3권/33장,김내성이 해방 후 주로 창작했던 대중 연애 소설의 대표작.,https://encykorea.aks.ac.kr/Article/E0056803,E0056803
없음,없음,청춘극장(장편),https://www.wikidata.org/wiki/Special:EntityPage/Q625336,김내성,0000 0004 5440 1918,1949,https://ko.wikisource.org/wiki/청춘극장/3권/34장,김내성이 해방 후 주로 창작했던 대중 연애 소설의 대표작.,https://encykorea.aks.ac.kr/Article/E0056803,E0056803
없음,없음,청춘극장(장편),https://www.wikidata.org/wiki/Special:EntityPage/Q625336,김내성,0000 0004 5440 1918,1949,https://ko.wikisource.org/wiki/청춘극장/3권/35장,김내성이 해방 후 주로 창작했던 대중 연애 소설의 대표작.,https://encykorea.aks.ac.kr/Article/E0056803,E0056803
없음,없음,청춘극장(장편),https://www.wikidata.org/wiki/Special:EntityPage/Q625336,김내성,0000 0004 5440 1918,1949,https://ko.wikisource.org/wiki/청춘극장/3권/36장,김내성이 해방 후 주로 창작했던 대중 연애 소설의 대표작.,https://encykorea.aks.ac.kr/Article/E0056803,E0056803
없음,없음,청춘극장(장편),https://www.wikidata.org/wiki/Special:EntityPage/Q625336,김내성,0000 0004 5440 1918,1949,https://ko.wikisource.org/wiki/청춘극장/3권/37장,김내성이 해방 후 주로 창작했던 대중 연애 소설의 대표작.,https://encykorea.aks.ac.kr/Article/E0056803,E0056803
없음,없음,청춘극장(장편),https://www.wikidata.org/wiki/Special:EntityPage/Q625336,김내성,0000 0004 5440 1918,1949,https://ko.wikisource.org/wiki/청춘극장/3권/38장,김내성이 해방 후 주로 창작했던 대중 연애 소설의 대표작.,https://encykorea.aks.ac.kr/Article/E0056803,E0056803
없음,없음,청춘극장(장편),https://www.wikidata.org/wiki/Special:EntityPage/Q625336,김내성,0000 0004 5440 1918,1949,https://ko.wikisource.org/wiki/청춘극장/3권/39장,김내성이 해방 후 주로 창작했던 대중 연애 소설의 대표작.,https://encykorea.aks.ac.kr/Article/E0056803,E0056803
없음,없음,청춘극장(장편),https://www.wikidata.org/wiki/Special:EntityPage/Q625336,김내성,0000 0004 5440 1918,1949,https://ko.wikisource.org/wiki/청춘극장/3권/40장,김내성이 해방 후 주로 창작했던 대중 연애 소설의 대표작.,https://encykorea.aks.ac.kr/Article/E0056803,E0056803
없음,없음,청춘극장(장편),https://www.wikidata.org/wiki/Special:EntityPage/Q625336,김내성,0000 0004 5440 1918,1949,https://ko.wikisource.org/wiki/청춘극장/3권/41장,김내성이 해방 후 주로 창작했던 대중 연애 소설의 대표작.,https://encykorea.aks.ac.kr/Article/E0056803,E0056803
없음,없음,청춘극장(장편),https://www.wikidata.org/wiki/Special:EntityPage/Q625336,김내성,0000 0004 5440 1918,1949,https://ko.wikisource.org/wiki/청춘극장/3권/42장,김내성이 해방 후 주로 창작했던 대중 연애 소설의 대표작.,https://encykorea.aks.ac.kr/Article/E0056803,E0056803
없음,없음,청춘극장(장편),https://www.wikidata.org/wiki/Special:EntityPage/Q625336,김내성,0000 0004 5440 1918,1949,https://ko.wikisource.org/wiki/청춘극장/3권/43장,김내성이 해방 후 주로 창작했던 대중 연애 소설의 대표작.,https://encykorea.aks.ac.kr/Article/E0056803,E0056803
없음,없음,청춘극장(장편),https://www.wikidata.org/wiki/Special:EntityPage/Q625336,김내성,0000 0004 5440 1918,1949,https://ko.wikisource.org/wiki/청춘극장/3권/44장,김내성이 해방 후 주로 창작했던 대중 연애 소설의 대표작.,https://encykorea.aks.ac.kr/Article/E0056803,E0056803
없음,없음,청춘극장(장편),https://www.wikidata.org/wiki/Special:EntityPage/Q625336,김내성,0000 0004 5440 1918,1949,https://ko.wikisource.org/wiki/청춘극장/3권/45장,김내성이 해방 후 주로 창작했던 대중 연애 소설의 대표작.,https://encykorea.aks.ac.kr/Article/E0056803,E0056803
없음,없음,청춘극장(장편),https://www.wikidata.org/wiki/Special:EntityPage/Q625336,김내성,0000 0004 5440 1918,1949,https://ko.wikisource.org/wiki/청춘극장/3권/46장,김내성이 해방 후 주로 창작했던 대중 연애 소설의 대표작.,https://encykorea.aks.ac.kr/Article/E0056803,E0056803
없음,없음,청춘극장(장편),https://www.wikidata.org/wiki/Special:EntityPage/Q625336,김내성,0000 0004 5440 1918,1949,https://ko.wikisource.org/wiki/청춘극장/3권/47장,김내성이 해방 후 주로 창작했던 대중 연애 소설의 대표작.,https://encykorea.aks.ac.kr/Article/E0056803,E0056803
없음,없음,청춘극장(장편),https://www.wikidata.org/wiki/Special:EntityPage/Q625336,김내성,0000 0004 5440 1918,1949,https://ko.wikisource.org/wiki/청춘극장/3권/48장,김내성이 해방 후 주로 창작했던 대중 연애 소설의 대표작.,https://encykorea.aks.ac.kr/Article/E0056803,E0056803
없음,없음,청춘극장(장편),https://www.wikidata.org/wiki/Special:EntityPage/Q625336,김내성,0000 0004 5440 1918,1949,https://ko.wikisource.org/wiki/청춘극장/3권/49장,김내성이 해방 후 주로 창작했던 대중 연애 소설의 대표작.,https://encykorea.aks.ac.kr/Article/E0056803,E0056803
없음,없음,청춘극장(장편),https://www.wikidata.org/wiki/Special:EntityPage/Q625336,김내성,0000 0004 5440 1918,1949,https://ko.wikisource.org/wiki/청춘극장/3권/50장,김내성이 해방 후 주로 창작했던 대중 연애 소설의 대표작.,https://encykorea.aks.ac.kr/Article/E0056803,E0056803
없음,없음,청춘극장(장편),https://www.wikidata.org/wiki/Special:EntityPage/Q625336,김내성,0000 0004 5440 1918,1949,https://ko.wikisource.org/wiki/청춘극장/3권/51장,김내성이 해방 후 주로 창작했던 대중 연애 소설의 대표작.,https://encykorea.aks.ac.kr/Article/E0056803,E0056803
없음,없음,청춘극장(장편),https://www.wikidata.org/wiki/Special:EntityPage/Q625336,김내성,0000 0004 5440 1918,1949,https://ko.wikisource.org/wiki/청춘극장/3권/52장,김내성이 해방 후 주로 창작했던 대중 연애 소설의 대표작.,https://encykorea.aks.ac.kr/Article/E0056803,E0056803
없음,없음,청춘극장(장편),https://www.wikidata.org/wiki/Special:EntityPage/Q625336,김내성,0000 0004 5440 1918,1949,https://ko.wikisource.org/wiki/청춘극장/3권/53장,김내성이 해방 후 주로 창작했던 대중 연애 소설의 대표작.,https://encykorea.aks.ac.kr/Article/E0056803,E0056803
없음,없음,청춘극장(장편),https://www.wikidata.org/wiki/Special:EntityPage/Q625336,김내성,0000 0004 5440 1918,1949,https://ko.wikisource.org/wiki/청춘극장/3권/54장,김내성이 해방 후 주로 창작했던 대중 연애 소설의 대표작.,https://encykorea.aks.ac.kr/Article/E0056803,E0056803
없음,없음,청춘극장(장편),https://www.wikidata.org/wiki/Special:EntityPage/Q625336,김내성,0000 0004 5440 1918,1949,https://ko.wikisource.org/wiki/청춘극장/3권/55장,김내성이 해방 후 주로 창작했던 대중 연애 소설의 대표작.,https://encykorea.aks.ac.kr/Article/E0056803,E0056803